SMILES_x,tanimoto similarity to closest train set,closest train set smiles,closest train set name,SMILES_y,tanimoto similarity to closest abx,closest abx smiles,closest abx name,smiles,idnumber,Type,hit,hit_epi_unc,hit_ensemble_uncal_var,row_num,cluster
O=C(O)C1=NN=C(CCNC2=CC=NC3=CC=C(C(F)(F)F)C=C23)S1,0.4897466827503016,C(Cc1ccccc1)Nc1ccnc2cc3ccccc3cc12,BRD-K36435942,O=C(O)C1=NN=C(CCNC2=CC=NC3=CC=C(C(F)(F)F)C=C23)S1,0.40418574231523874,C[C@H]1CN(c2c(F)c(N)c3c(=O)c(C(=O)O)cn(C4CC4)c3c2F)C[C@@H](C)N1,SPARFLOXACIN,O=C(O)C1=NN=C(CCNC2=CC=NC3=CC=C(C(F)(F)F)C=C23)S1,PV-006909062552,S,0.7796926593780518,0.027288680665631,,0,1
O=C(O)C1=CN=C2C(C3=C4OCOC4=CC=C3F)=CN=CC2=C1O,0.5506681514476615,COC1=C(N)C(=O)c2nc(ccc2C1=O)-c1nc(c(c(c1N)-c1ccc(c(c1O)OC)OC)C)C(=O)O,BRD-K70366318,O=C(O)C1=CN=C2C(C3=C4OCOC4=CC=C3F)=CN=CC2=C1O,0.5496932515337424,C[C@H]1NCc2cc(-c3ccc4c(=O)c(C(=O)O)cn(C5CC5)c4c3OC(F)F)ccc21,GARENOXACIN,O=C(O)C1=CN=C2C(C3=C4OCOC4=CC=C3F)=CN=CC2=C1O,PV-006912632734,M,0.7391568686068059,0.0424575377106055,,1,3
CC1C2=CC(Cl)=C(Cl)C=C2CCN1C1=NC=C(C(=O)O)N2C=NC=C12,0.608717186726102,CC[C@@H](C)[C@H]1N[C@H]2C=Cc3c(cc(nc3[C@@H]2O)C(=O)O[C@@H](C)[C@H]2NC(=O)c3csc(n3)[C@@H](NC(=O)[C@H]3CSC(=N3)/C(=C/C)NC(=O)[C@@H](NC(=O)c3csc(n3)[C@]3(CCC(=N[C@@H]3c3csc2n3)c2nc(cs2)C(=O)NC(=C)C(=O)NC(=C)C(=O)N)NC(=O)[C@@H](C)NC(=O)C(=C)NC(=O)[C@@H](C)NC1=O)[C@@H](C)O)C(C)(O)[C@@H](C)O)[C@@H](C)O,BRD-A20697603,CC1C2=CC(Cl)=C(Cl)C=C2CCN1C1=NC=C(C(=O)O)N2C=NC=C12,0.6004046535154274,CNC(=O)C[C@@H]1NC(=O)c2csc(n2)-c2ccc(-c3nc(C4=N[C@H](C(=O)N5CCC[C@H]5C(N)=O)CO4)cs3)nc2-c2csc(n2)-c2csc(n2)C(C(O)c2ccccc2)NC(=O)CNC(=O)c2nc(sc2COC)[C@H](C(C)C)NC(=O)c2nc1sc2C,,CC1C2=CC(Cl)=C(Cl)C=C2CCN1C1=NC=C(C(=O)O)N2C=NC=C12,PV-007129438927,M,0.7162656712532044,0.0257781378142478,,2,17
CC1=NC2=CC=CC=C2C(N2CCN(C3=CC=C(O)C(F)=C3)CC2)=C1C(=O)O,0.5443698732289336,CCn1cc(C(=O)O)c(=O)c2cc(F)c(N3CCNCC3)cc21,NORFLOXACIN,CC1=NC2=CC=CC=C2C(N2CCN(C3=CC=C(O)C(F)=C3)CC2)=C1C(=O)O,0.5506666666666666,Cc1c(F)c(N2CCNC(C)C2)cc2c1c(=O)c(C(=O)O)cn2C1CC1,GREPAFLOXACIN,CC1=NC2=CC=CC=C2C(N2CCN(C3=CC=C(O)C(F)=C3)CC2)=C1C(=O)O,PV-008752285444,M,0.8066267907619477,0.0284386281949239,,3,11
O=C(O)C1=C2SC(NC3CCC4=C3C=C(Cl)C=C4Cl)=NN2C=N1,0.5948489351163943,CC[C@@H](C)[C@H]1N[C@H]2C=Cc3c(cc(nc3[C@@H]2O)C(=O)O[C@@H](C)[C@H]2NC(=O)c3csc(n3)[C@@H](NC(=O)[C@H]3CSC(=N3)/C(=C/C)NC(=O)[C@@H](NC(=O)c3csc(n3)[C@]3(CCC(=N[C@@H]3c3csc2n3)c2nc(cs2)C(=O)NC(=C)C(=O)NC(=C)C(=O)N)NC(=O)[C@@H](C)NC(=O)C(=C)NC(=O)[C@@H](C)NC1=O)[C@@H](C)O)C(C)(O)[C@@H](C)O)[C@@H](C)O,BRD-A20697603,O=C(O)C1=C2SC(NC3CCC4=C3C=C(Cl)C=C4Cl)=NN2C=N1,0.5771947527749748,CO[C@H]1/C=C/O[C@@]2(C)Oc3c(C)c(O)c4c(=O)c(c5oc6cc(N7CCN(CC(C)C)CC7)cc(O)c6nc-5c4c3C2=O)NC(=O)/C(C)=C\C=C\[C@H](C)[C@H](O)[C@@H](C)[C@@H](O)[C@@H](C)[C@H](OC(C)=O)[C@@H]1C,RIFALAZIL,O=C(O)C1=C2SC(NC3CCC4=C3C=C(Cl)C=C4Cl)=NN2C=N1,PV-007013521424,M,0.75640305519104,0.024513111553814,,4,0
CC1C2=C(Cl)C=C(Cl)C=C2CCN1C1=NN2C=NC(C(=O)O)=C2S1,0.658284023668639,CC[C@@H](C)[C@H]1N[C@H]2C=Cc3c(cc(nc3[C@@H]2O)C(=O)O[C@@H](C)[C@H]2NC(=O)c3csc(n3)[C@@H](NC(=O)[C@H]3CSC(=N3)/C(=C/C)NC(=O)[C@@H](NC(=O)c3csc(n3)[C@]3(CCC(=N[C@@H]3c3csc2n3)c2nc(cs2)C(=O)NC(=C)C(=O)NC(=C)C(=O)N)NC(=O)[C@@H](C)NC(=O)C(=C)NC(=O)[C@@H](C)NC1=O)[C@@H](C)O)C(C)(O)[C@@H](C)O)[C@@H](C)O,BRD-A20697603,CC1C2=C(Cl)C=C(Cl)C=C2CCN1C1=NN2C=NC(C(=O)O)=C2S1,0.6443661971830986,CO[C@H]1/C=C/O[C@@]2(C)Oc3c(C)c(O)c4c(=O)c(c5oc6cc(N7CCN(CC(C)C)CC7)cc(O)c6nc-5c4c3C2=O)NC(=O)/C(C)=C\C=C\[C@H](C)[C@H](O)[C@@H](C)[C@@H](O)[C@@H](C)[C@H](OC(C)=O)[C@@H]1C,RIFALAZIL,CC1C2=C(Cl)C=C(Cl)C=C2CCN1C1=NN2C=NC(C(=O)O)=C2S1,PV-006798595222,M,0.7656276726722717,0.0186257442215729,,5,2
O=C(O)C1=C2SC(N3CCOCC3C3=CC=C(C(F)(F)F)C=C3)=NN2C=N1,0.6094059405940594,CC[C@@H](C)[C@H]1N[C@H]2C=Cc3c(cc(nc3[C@@H]2O)C(=O)O[C@@H](C)[C@H]2NC(=O)c3csc(n3)[C@@H](NC(=O)[C@H]3CSC(=N3)/C(=C/C)NC(=O)[C@@H](NC(=O)c3csc(n3)[C@]3(CCC(=N[C@@H]3c3csc2n3)c2nc(cs2)C(=O)NC(=C)C(=O)NC(=C)C(=O)N)NC(=O)[C@@H](C)NC(=O)C(=C)NC(=O)[C@@H](C)NC1=O)[C@@H](C)O)C(C)(O)[C@@H](C)O)[C@@H](C)O,BRD-A20697603,O=C(O)C1=C2SC(N3CCOCC3C3=CC=C(C(F)(F)F)C=C3)=NN2C=N1,0.594662638469285,CNC(=O)C[C@@H]1NC(=O)c2csc(n2)-c2ccc(-c3nc(C4=N[C@H](C(=O)N5CCC[C@H]5C(N)=O)CO4)cs3)nc2-c2csc(n2)-c2csc(n2)C(C(O)c2ccccc2)NC(=O)CNC(=O)c2nc(sc2COC)[C@H](C(C)C)NC(=O)c2nc1sc2C,,O=C(O)C1=C2SC(N3CCOCC3C3=CC=C(C(F)(F)F)C=C3)=NN2C=N1,Z5592185110,M,0.7844621139764786,0.0328186943436645,,6,2
CC1=CC(C2=CN(C)C=C(C(=O)O)C2=O)=C(Cl)C=C1C1CC1,0.49339460080413555,Cc1c-2c(nn1C)CSCc1cc(n(n1)C)CSc1cc(c3ccccc3c1)OCCCc1c(n(c3c2c(ccc13)Cl)C)C(=O)O,BRD-K00005264,CC1=CC(C2=CN(C)C=C(C(=O)O)C2=O)=C(Cl)C=C1C1CC1,0.5183391003460207,CNc1ncc(-c2ccc3c(=O)c(C(=O)O)cn(C4CC4)c3c2C)cc1C,OZENOXACIN,CC1=CC(C2=CN(C)C=C(C(=O)O)C2=O)=C(Cl)C=C1C1CC1,Z4209643834,M,0.7058144274353981,0.0647802739097888,,7,16
CN(CC1(C2=CC=C(Br)C=C2)CC1)C1=NN2C=NC(C(=O)O)=C2S1,0.556930693069307,CC[C@@H](C)[C@H]1N[C@H]2C=Cc3c(cc(nc3[C@@H]2O)C(=O)O[C@@H](C)[C@H]2NC(=O)c3csc(n3)[C@@H](NC(=O)[C@H]3CSC(=N3)/C(=C/C)NC(=O)[C@@H](NC(=O)c3csc(n3)[C@]3(CCC(=N[C@@H]3c3csc2n3)c2nc(cs2)C(=O)NC(=C)C(=O)NC(=C)C(=O)N)NC(=O)[C@@H](C)NC(=O)C(=C)NC(=O)[C@@H](C)NC1=O)[C@@H](C)O)C(C)(O)[C@@H](C)O)[C@@H](C)O,BRD-A20697603,CN(CC1(C2=CC=C(Br)C=C2)CC1)C1=NN2C=NC(C(=O)O)=C2S1,0.5443995963673057,CNC(=O)C[C@@H]1NC(=O)c2csc(n2)-c2ccc(-c3nc(C4=N[C@H](C(=O)N5CCC[C@H]5C(N)=O)CO4)cs3)nc2-c2csc(n2)-c2csc(n2)C(C(O)c2ccccc2)NC(=O)CNC(=O)c2nc(sc2COC)[C@H](C(C)C)NC(=O)c2nc1sc2C,,CN(CC1(C2=CC=C(Br)C=C2)CC1)C1=NN2C=NC(C(=O)O)=C2S1,PV-007751705441,M,0.75263586550951,0.0348974584201979,,8,0
CC1=CC=CC2=C(N3CCN(C4=CC=C(F)C(C(=O)O)=C4)CC3)C=CN=C12,0.4774193548387097,CCn1cc(C(=O)O)c(=O)c2cc(F)c(N3CCNCC3)cc21,NORFLOXACIN,CC1=CC=CC2=C(N3CCN(C4=CC=C(F)C(C(=O)O)=C4)CC3)C=CN=C12,0.47909284195605956,Cc1c(F)c(N2CCNC(C)C2)cc2c1c(=O)c(C(=O)O)cn2C1CC1,GREPAFLOXACIN,CC1=CC=CC2=C(N3CCN(C4=CC=C(F)C(C(=O)O)=C4)CC3)C=CN=C12,PV-007032713022,M,0.7014726784825325,0.0487576874677908,,9,11
CC1CN(C2=NC(C(=O)O)=CC3=NC=CN23)CCN1C1=CC=C(C(F)(F)F)C=C1,0.48660714285714285,CC[C@@H](C)[C@H]1N[C@H]2C=Cc3c(cc(nc3[C@@H]2O)C(=O)O[C@@H](C)[C@H]2NC(=O)c3csc(n3)[C@@H](NC(=O)[C@H]3CSC(=N3)/C(=C/C)NC(=O)[C@@H](NC(=O)c3csc(n3)[C@]3(CCC(=N[C@@H]3c3csc2n3)c2nc(cs2)C(=O)NC(=C)C(=O)NC(=C)C(=O)N)NC(=O)[C@@H](C)NC(=O)C(=C)NC(=O)[C@@H](C)NC1=O)[C@@H](C)O)C(C)(O)[C@@H](C)O)[C@@H](C)O,BRD-A20697603,CC1CN(C2=NC(C(=O)O)=CC3=NC=CN23)CCN1C1=CC=C(C(F)(F)F)C=C1,0.48187850944359367,CO[C@H]1/C=C/O[C@@]2(C)Oc3c(C)c(O)c4c(=O)c(c5oc6cc(N7CCN(CC(C)C)CC7)cc(O)c6nc-5c4c3C2=O)NC(=O)/C(C)=C\C=C\[C@H](C)[C@H](O)[C@@H](C)[C@@H](O)[C@@H](C)[C@H](OC(C)=O)[C@@H]1C,RIFALAZIL,CC1CN(C2=NC(C(=O)O)=CC3=NC=CN23)CCN1C1=CC=C(C(F)(F)F)C=C1,PV-008498602190,S,0.7850652450323105,0.0253477443111748,,10,8
O=C(O)C1=C2SC(N3CCC(O)(C4=CC=CC(C(F)(F)F)=C4)C3)=NN2C=N1,0.6342913776015857,CC[C@@H](C)[C@H]1N[C@H]2C=Cc3c(cc(nc3[C@@H]2O)C(=O)O[C@@H](C)[C@H]2NC(=O)c3csc(n3)[C@@H](NC(=O)[C@H]3CSC(=N3)/C(=C/C)NC(=O)[C@@H](NC(=O)c3csc(n3)[C@]3(CCC(=N[C@@H]3c3csc2n3)c2nc(cs2)C(=O)NC(=C)C(=O)NC(=C)C(=O)N)NC(=O)[C@@H](C)NC(=O)C(=C)NC(=O)[C@@H](C)NC1=O)[C@@H](C)O)C(C)(O)[C@@H](C)O)[C@@H](C)O,BRD-A20697603,O=C(O)C1=C2SC(N3CCC(O)(C4=CC=CC(C(F)(F)F)=C4)C3)=NN2C=N1,0.6126442548921224,CNC(=O)C[C@@H]1NC(=O)c2csc(n2)-c2ccc(-c3nc(C4=N[C@H](C(=O)N5CCC[C@H]5C(N)=O)CO4)cs3)nc2-c2csc(n2)-c2csc(n2)C(C(O)c2ccccc2)NC(=O)CNC(=O)c2nc(sc2COC)[C@H](C(C)C)NC(=O)c2nc1sc2C,,O=C(O)C1=C2SC(N3CCC(O)(C4=CC=CC(C(F)(F)F)=C4)C3)=NN2C=N1,Z5592184785,M,0.7432596951723098,0.0315172768553456,,11,2
O=C(O)C1=C2SC(NCCN3CCN(C4=CC=C(F)C=C4)CC3)=NN2C=N1,0.4932869219293884,CC[C@@H](C)[C@H]1N[C@H]2C=Cc3c(cc(nc3[C@@H]2O)C(=O)O[C@@H](C)[C@H]2NC(=O)c3csc(n3)[C@@H](NC(=O)[C@H]3CSC(=N3)/C(=C/C)NC(=O)[C@@H](NC(=O)c3csc(n3)[C@]3(CCC(=N[C@@H]3c3csc2n3)c2nc(cs2)C(=O)NC(=C)C(=O)NC(=C)C(=O)N)NC(=O)[C@@H](C)NC(=O)C(=C)NC(=O)[C@@H](C)NC1=O)[C@@H](C)O)C(C)(O)[C@@H](C)O)[C@@H](C)O,BRD-A20697603,O=C(O)C1=C2SC(NCCN3CCN(C4=CC=C(F)C=C4)CC3)=NN2C=N1,0.48342682304946455,CO[C@H]1/C=C/O[C@@]2(C)Oc3c(C)c(O)c4c(=O)c(c5oc6cc(N7CCN(CC(C)C)CC7)cc(O)c6nc-5c4c3C2=O)NC(=O)/C(C)=C\C=C\[C@H](C)[C@H](O)[C@@H](C)[C@@H](O)[C@@H](C)[C@H](OC(C)=O)[C@@H]1C,RIFALAZIL,O=C(O)C1=C2SC(NCCN3CCN(C4=CC=C(F)C=C4)CC3)=NN2C=N1,Z5592179716,M,0.7462028723955154,0.0327344210653551,,12,18
O=C(O)C1=C2SC(N3CCN(C4=CC=CC(OC(F)F)=C4)CC3)=NN2C=N1,0.5436941410129096,CC[C@@H](C)[C@H]1N[C@H]2C=Cc3c(cc(nc3[C@@H]2O)C(=O)O[C@@H](C)[C@H]2NC(=O)c3csc(n3)[C@@H](NC(=O)[C@H]3CSC(=N3)/C(=C/C)NC(=O)[C@@H](NC(=O)c3csc(n3)[C@]3(CCC(=N[C@@H]3c3csc2n3)c2nc(cs2)C(=O)NC(=C)C(=O)NC(=C)C(=O)N)NC(=O)[C@@H](C)NC(=O)C(=C)NC(=O)[C@@H](C)NC1=O)[C@@H](C)O)C(C)(O)[C@@H](C)O)[C@@H](C)O,BRD-A20697603,O=C(O)C1=C2SC(N3CCN(C4=CC=CC(OC(F)F)=C4)CC3)=NN2C=N1,0.5327910523640061,CO[C@H]1/C=C/O[C@@]2(C)Oc3c(C)c(O)c4c(=O)c(c5oc6cc(N7CCN(CC(C)C)CC7)cc(O)c6nc-5c4c3C2=O)NC(=O)/C(C)=C\C=C\[C@H](C)[C@H](O)[C@@H](C)[C@@H](O)[C@@H](C)[C@H](OC(C)=O)[C@@H]1C,RIFALAZIL,O=C(O)C1=C2SC(N3CCN(C4=CC=CC(OC(F)F)=C4)CC3)=NN2C=N1,Z5592181804,M,0.72856864631176,0.0327601580712625,,13,14
CN(CCC1CCN(C2=CC=NC=C2)CC1)C1=NN2C=NC(C(=O)O)=C2S1,0.509181141439206,CC[C@@H](C)[C@H]1N[C@H]2C=Cc3c(cc(nc3[C@@H]2O)C(=O)O[C@@H](C)[C@H]2NC(=O)c3csc(n3)[C@@H](NC(=O)[C@H]3CSC(=N3)/C(=C/C)NC(=O)[C@@H](NC(=O)c3csc(n3)[C@]3(CCC(=N[C@@H]3c3csc2n3)c2nc(cs2)C(=O)NC(=C)C(=O)NC(=C)C(=O)N)NC(=O)[C@@H](C)NC(=O)C(=C)NC(=O)[C@@H](C)NC1=O)[C@@H](C)O)C(C)(O)[C@@H](C)O)[C@@H](C)O,BRD-A20697603,CN(CCC1CCN(C2=CC=NC=C2)CC1)C1=NN2C=NC(C(=O)O)=C2S1,0.49873289406994425,CNC(=O)C[C@@H]1NC(=O)c2csc(n2)-c2ccc(-c3nc(C4=N[C@H](C(=O)N5CCC[C@H]5C(N)=O)CO4)cs3)nc2-c2csc(n2)-c2csc(n2)C(C(O)c2ccccc2)NC(=O)CNC(=O)c2nc(sc2COC)[C@H](C(C)C)NC(=O)c2nc1sc2C,,CN(CCC1CCN(C2=CC=NC=C2)CC1)C1=NN2C=NC(C(=O)O)=C2S1,Z5592181685,M,0.7573229220509529,0.0379440570660384,,14,18
CN1C=C(C(=O)O)C(=O)C(C2=C3OCOC3=CC=C2F)=C1,0.5388037567968363,CC[C@@H](C)[C@H]1N[C@H]2C=Cc3c(cc(nc3[C@@H]2O)C(=O)O[C@@H](C)[C@H]2NC(=O)c3csc(n3)[C@@H](NC(=O)[C@H]3CSC(=N3)/C(=C/C)NC(=O)[C@@H](NC(=O)c3csc(n3)[C@]3(CCC(=N[C@@H]3c3csc2n3)c2nc(cs2)C(=O)NC(=C)C(=O)NC(=C)C(=O)N)NC(=O)[C@@H](C)NC(=O)C(=C)NC(=O)[C@@H](C)NC1=O)[C@@H](C)O)C(C)(O)[C@@H](C)O)[C@@H](C)O,BRD-A20697603,CN1C=C(C(=O)O)C(=O)C(C2=C3OCOC3=CC=C2F)=C1,0.5570093457943925,C[C@H]1NCc2cc(-c3ccc4c(=O)c(C(=O)O)cn(C5CC5)c4c3OC(F)F)ccc21,GARENOXACIN,CN1C=C(C(=O)O)C(=O)C(C2=C3OCOC3=CC=C2F)=C1,PV-002979536974,M,0.7255165034532547,0.0597272902557807,,15,5
O=C(O)C1=C2SC(N3CCOC(C4=CC=C(F)C(Cl)=C4)C3)=NN2C=N1,0.5982187036120732,CC[C@@H](C)[C@H]1N[C@H]2C=Cc3c(cc(nc3[C@@H]2O)C(=O)O[C@@H](C)[C@H]2NC(=O)c3csc(n3)[C@@H](NC(=O)[C@H]3CSC(=N3)/C(=C/C)NC(=O)[C@@H](NC(=O)c3csc(n3)[C@]3(CCC(=N[C@@H]3c3csc2n3)c2nc(cs2)C(=O)NC(=C)C(=O)NC(=C)C(=O)N)NC(=O)[C@@H](C)NC(=O)C(=C)NC(=O)[C@@H](C)NC1=O)[C@@H](C)O)C(C)(O)[C@@H](C)O)[C@@H](C)O,BRD-A20697603,O=C(O)C1=C2SC(N3CCOC(C4=CC=C(F)C(Cl)=C4)C3)=NN2C=N1,0.5863141524105754,CC(=O)N[C@@H]1[C@H](OC2c3ccc(c(Cl)c3)Oc3cc4cc(c3O[C@@H]3O[C@@H](CO)[C@@H](O)[C@H](O)[C@@H]3NC(=O)CCCCCCC(C)C)Oc3ccc(cc3Cl)C(O)C3NC(=O)C(N)c5ccc(O)c(c5)Oc5cc(O)cc(c5)C(NC3=O)C(=O)NC4C(=O)NC3C(=O)NC2C(=O)N[C@@H](C(=O)O)c2cc(O)cc(O[C@H]4O[C@H](CO)[C@@H](O)[C@@H](O)[C@@H]4O)c2-c2cc3ccc2O)O[C@@H](CO)[C@@H](O)[C@@H]1O,,O=C(O)C1=C2SC(N3CCOC(C4=CC=C(F)C(Cl)=C4)C3)=NN2C=N1,Z5592183461,M,0.7712317657470703,0.0228531578445032,,16,2
NC1=NC2=C(N3CCN(C4=CC(F)=C(O)C(F)=C4)CC3)N=CN=C2S1,0.4694789081885856,CC[C@@H](C)[C@H]1N[C@H]2C=Cc3c(cc(nc3[C@@H]2O)C(=O)O[C@@H](C)[C@H]2NC(=O)c3csc(n3)[C@@H](NC(=O)[C@H]3CSC(=N3)/C(=C/C)NC(=O)[C@@H](NC(=O)c3csc(n3)[C@]3(CCC(=N[C@@H]3c3csc2n3)c2nc(cs2)C(=O)NC(=C)C(=O)NC(=C)C(=O)N)NC(=O)[C@@H](C)NC(=O)C(=C)NC(=O)[C@@H](C)NC1=O)[C@@H](C)O)C(C)(O)[C@@H](C)O)[C@@H](C)O,BRD-A20697603,NC1=NC2=C(N3CCN(C4=CC(F)=C(O)C(F)=C4)CC3)N=CN=C2S1,0.4672466734902764,CO[C@H]1/C=C/O[C@@]2(C)Oc3c(C)c(O)c4c(=O)c(c5oc6cc(N7CCN(CC(C)C)CC7)cc(O)c6nc-5c4c3C2=O)NC(=O)/C(C)=C\C=C\[C@H](C)[C@H](O)[C@@H](C)[C@@H](O)[C@@H](C)[C@H](OC(C)=O)[C@@H]1C,RIFALAZIL,NC1=NC2=C(N3CCN(C4=CC(F)=C(O)C(F)=C4)CC3)N=CN=C2S1,Z5373270232,M,0.7127842870354653,0.0280380805654319,,17,8
CN(CC1=NN=C(C(=O)O)S1)C1=CC=NC2=CC(C(F)(F)F)=CC=C12,0.4272844272844273,Cn1cc(cn1)-c1[nH]c2cc(cc3c2c1C=NNC3=O)NC(=O)[C@H](N)C1CCCCC1,BRD-K03063480,CN(CC1=NN=C(C(=O)O)S1)C1=CC=NC2=CC(C(F)(F)F)=CC=C12,0.4124168514412417,CO[C@H]1/C=C/O[C@@]2(C)Oc3c(C)c(O)c4c(O)c(c5c(nc6cc(C)ccn65)c4c3C2=O)NC(=O)/C(C)=C\C=C\[C@H](C)[C@H](O)[C@@H](C)[C@@H](O)[C@@H](C)[C@H](OC(C)=O)[C@@H]1C,RIFAXIMIN,CN(CC1=NN=C(C(=O)O)S1)C1=CC=NC2=CC(C(F)(F)F)=CC=C12,PV-007094677202,S,0.7752433967590332,0.0305900974336379,,18,1
O=C(O)C1=CN=C(N2CC(NC3=CC=NC4=CC=C(C(F)(F)F)C=C34)C2)N=C1,0.45872641509433965,C(Cc1ccccc1)Nc1ccnc2cc3ccccc3cc12,BRD-K36435942,O=C(O)C1=CN=C(N2CC(NC3=CC=NC4=CC=C(C(F)(F)F)C=C34)C2)N=C1,0.42643587726199844,CCn1cc(C(=O)O)c(=O)c2cc(F)c(N3CCNCC3)cc21,NORFLOXACIN,O=C(O)C1=CN=C(N2CC(NC3=CC=NC4=CC=C(C(F)(F)F)C=C34)C2)N=C1,PV-006859681092,M,0.734815725684166,0.0330857395410883,,19,1
NC1=NC(N2CCC(C3=CC=C(C(F)(F)F)C=C3F)C2)=C(Cl)N=C1C(=O)O,0.5176178660049627,CC[C@@H](C)[C@H]1N[C@H]2C=Cc3c(cc(nc3[C@@H]2O)C(=O)O[C@@H](C)[C@H]2NC(=O)c3csc(n3)[C@@H](NC(=O)[C@H]3CSC(=N3)/C(=C/C)NC(=O)[C@@H](NC(=O)c3csc(n3)[C@]3(CCC(=N[C@@H]3c3csc2n3)c2nc(cs2)C(=O)NC(=C)C(=O)NC(=C)C(=O)N)NC(=O)[C@@H](C)NC(=O)C(=C)NC(=O)[C@@H](C)NC1=O)[C@@H](C)O)C(C)(O)[C@@H](C)O)[C@@H](C)O,BRD-A20697603,NC1=NC(N2CCC(C3=CC=C(C(F)(F)F)C=C3F)C2)=C(Cl)N=C1C(=O)O,0.5089058524173028,CN(C)[C@@H]1C(O)=C(C(=O)NCN[C@@H](C(=O)N[C@@H]2C(=O)N3[C@@H](C(=O)O)C(C)(C)S[C@H]23)c2ccccc2)C(=O)[C@@]2(O)C(O)=C3C(=O)c4c(O)cccc4[C@@](C)(O)[C@H]3C[C@@H]12,PENIMOCYCLINE,NC1=NC(N2CCC(C3=CC=C(C(F)(F)F)C=C3F)C2)=C(Cl)N=C1C(=O)O,PV-007942376481,S,0.7022574484348297,0.0347986306920616,,20,15
O=C(O)C1=NN2C=CN=C(NCC3CCN(C4=CC=C(Cl)C=C4F)C3)C2=C1,0.5173267326732673,CC[C@@H](C)[C@H]1N[C@H]2C=Cc3c(cc(nc3[C@@H]2O)C(=O)O[C@@H](C)[C@H]2NC(=O)c3csc(n3)[C@@H](NC(=O)[C@H]3CSC(=N3)/C(=C/C)NC(=O)[C@@H](NC(=O)c3csc(n3)[C@]3(CCC(=N[C@@H]3c3csc2n3)c2nc(cs2)C(=O)NC(=C)C(=O)NC(=C)C(=O)N)NC(=O)[C@@H](C)NC(=O)C(=C)NC(=O)[C@@H](C)NC1=O)[C@@H](C)O)C(C)(O)[C@@H](C)O)[C@@H](C)O,BRD-A20697603,O=C(O)C1=NN2C=CN=C(NCC3CCN(C4=CC=C(Cl)C=C4F)C3)C2=C1,0.5134997452878247,CO[C@H]1/C=C/O[C@@]2(C)Oc3c(C)c(O)c4c(=O)c(c5oc6cc(N7CCN(CC(C)C)CC7)cc(O)c6nc-5c4c3C2=O)NC(=O)/C(C)=C\C=C\[C@H](C)[C@H](O)[C@@H](C)[C@@H](O)[C@@H](C)[C@H](OC(C)=O)[C@@H]1C,RIFALAZIL,O=C(O)C1=NN2C=CN=C(NCC3CCN(C4=CC=C(Cl)C=C4F)C3)C2=C1,PV-008201570470,M,0.7292605048418045,0.0209756608391288,,21,7
CC(C1=CC=C(C(F)(F)F)C=C1F)N(C)C1=NN2C=NC(C(=O)O)=C2S1,0.5882352941176471,CC[C@@H](C)[C@H]1N[C@H]2C=Cc3c(cc(nc3[C@@H]2O)C(=O)O[C@@H](C)[C@H]2NC(=O)c3csc(n3)[C@@H](NC(=O)[C@H]3CSC(=N3)/C(=C/C)NC(=O)[C@@H](NC(=O)c3csc(n3)[C@]3(CCC(=N[C@@H]3c3csc2n3)c2nc(cs2)C(=O)NC(=C)C(=O)NC(=C)C(=O)N)NC(=O)[C@@H](C)NC(=O)C(=C)NC(=O)[C@@H](C)NC1=O)[C@@H](C)O)C(C)(O)[C@@H](C)O)[C@@H](C)O,BRD-A20697603,CC(C1=CC=C(C(F)(F)F)C=C1F)N(C)C1=NN2C=NC(C(=O)O)=C2S1,0.5789473684210527,CCCCc1ccc(CNC2C(Oc3c4cc5cc3Oc3ccc(cc3Cl)C(O)C3NC(=O)C(NC(=O)C5NC(=O)C5NC(=O)C(Cc6ccc(cc6)O4)NC(=O)C(NC)c4ccc(O)c(c4)Oc4cc(O)c(Cl)c5c4)c4ccc(O)c(c4)-c4c(cc(O)c(CN5CCN(Cc6ccc(-c7ccccc7)cc6)CC5)c4O)[C@H](C(=O)O)NC3=O)OC(C(=O)O)C(O)C2O)cc1,,CC(C1=CC=C(C(F)(F)F)C=C1F)N(C)C1=NN2C=NC(C(=O)O)=C2S1,PV-007071013733,M,0.754944354891777,0.0296947333987389,,22,0
OC1=C(F)C=C(N2CCN(C3=C(Br)C=NC=C3F)CC2)C=C1F,0.382464096749811,CN1CCN(c2c(F)cc3c(=O)c(C(=O)O)cn(CCF)c3c2F)CC1,FLEROXACIN,OC1=C(F)C=C(N2CCN(C3=C(Br)C=NC=C3F)CC2)C=C1F,0.382464096749811,CN1CCN(c2c(F)cc3c(=O)c(C(=O)O)cn(CCF)c3c2F)CC1,FLEROXACIN,OC1=C(F)C=C(N2CCN(C3=C(Br)C=NC=C3F)CC2)C=C1F,PV-006914791531,M,0.710624229311943,0.0239188913407317,,23,9
CN1C=C(C(=O)O)C(=O)C(C2=CC=C(C3CC3)C=C2F)=C1,0.48563006632277084,CC1CCc2cc(F)cc3c(=O)c(C(=O)O)cn1c23,FLUMEQUINE,CN1C=C(C(=O)O)C(=O)C(C2=CC=C(C3CC3)C=C2F)=C1,0.5216465578424414,CNc1ncc(-c2ccc3c(=O)c(C(=O)O)cn(C4CC4)c3c2C)cc1C,OZENOXACIN,CN1C=C(C(=O)O)C(=O)C(C2=CC=C(C3CC3)C=C2F)=C1,Z4209636998,M,0.7207474559545517,0.0708359249280356,,24,16
NC(=O)C1=NN=C(NC(=O)C2=CC(O)=CC(Cl)=C2Cl)S1,0.4373284537968893,O=C(Nc1cc(Cl)cc(Cl)c1O)c1c(O)c(Cl)cc(Cl)c1Cl,OXYCLOZANIDE,NC(=O)C1=NN=C(NC(=O)C2=CC(O)=CC(Cl)=C2Cl)S1,0.3919354838709677,CCCCc1ccc(CNC2C(Oc3c4cc5cc3Oc3ccc(cc3Cl)C(O)C3NC(=O)C(NC(=O)C5NC(=O)C5NC(=O)C(Cc6ccc(cc6)O4)NC(=O)C(NC)c4ccc(O)c(c4)Oc4cc(O)c(Cl)c5c4)c4ccc(O)c(c4)-c4c(cc(O)c(CN5CCN(Cc6ccc(-c7ccccc7)cc6)CC5)c4O)[C@H](C(=O)NCCCN(C)C)NC3=O)OC(C(=O)NCCCN(C)C)C(O)C2O)cc1,,NC(=O)C1=NN=C(NC(=O)C2=CC(O)=CC(Cl)=C2Cl)S1,PV-002899295884,M,0.7947409808635711,0.0170994955861941,,25,19
O=C(O)C1=C2SC(NCC3(C4=CC(F)=CC(C(F)(F)F)=C4)CC3)=NN2C=N1,0.5602379771938523,CC[C@@H](C)[C@H]1N[C@H]2C=Cc3c(cc(nc3[C@@H]2O)C(=O)O[C@@H](C)[C@H]2NC(=O)c3csc(n3)[C@@H](NC(=O)[C@H]3CSC(=N3)/C(=C/C)NC(=O)[C@@H](NC(=O)c3csc(n3)[C@]3(CCC(=N[C@@H]3c3csc2n3)c2nc(cs2)C(=O)NC(=C)C(=O)NC(=C)C(=O)N)NC(=O)[C@@H](C)NC(=O)C(=C)NC(=O)[C@@H](C)NC1=O)[C@@H](C)O)C(C)(O)[C@@H](C)O)[C@@H](C)O,BRD-A20697603,O=C(O)C1=C2SC(NCC3(C4=CC(F)=CC(C(F)(F)F)=C4)CC3)=NN2C=N1,0.5454086781029264,CNC(=O)C[C@@H]1NC(=O)c2csc(n2)-c2ccc(-c3nc(C4=N[C@H](C(=O)N5CCC[C@H]5C(N)=O)CO4)cs3)nc2-c2csc(n2)-c2csc(n2)C(C(O)c2ccccc2)NC(=O)CNC(=O)c2nc(sc2COC)[C@H](C(C)C)NC(=O)c2nc1sc2C,,O=C(O)C1=C2SC(NCC3(C4=CC(F)=CC(C(F)(F)F)=C4)CC3)=NN2C=N1,PV-007271065499,M,0.7294035530090333,0.0354773134844905,,26,0
COC1=C(N2CCN(C3=CC=C(C(F)(F)F)C=C3)C(C)C2)N=CN=C1C(=O)O,0.4696819085487077,CC[C@@H](C)[C@H]1N[C@H]2C=Cc3c(cc(nc3[C@@H]2O)C(=O)O[C@@H](C)[C@H]2NC(=O)c3csc(n3)[C@@H](NC(=O)[C@H]3CSC(=N3)/C(=C/C)NC(=O)[C@@H](NC(=O)c3csc(n3)[C@]3(CCC(=N[C@@H]3c3csc2n3)c2nc(cs2)C(=O)NC(=C)C(=O)NC(=C)C(=O)N)NC(=O)[C@@H](C)NC(=O)C(=C)NC(=O)[C@@H](C)NC1=O)[C@@H](C)O)C(C)(O)[C@@H](C)O)[C@@H](C)O,BRD-A20697603,COC1=C(N2CCN(C3=CC=C(C(F)(F)F)C=C3)C(C)C2)N=CN=C1C(=O)O,0.4659498207885305,CO[C@H]1/C=C/O[C@@]2(C)Oc3c(C)c(O)c4c(=O)c(c5oc6cc(N7CCN(CC(C)C)CC7)cc(O)c6nc-5c4c3C2=O)NC(=O)/C(C)=C\C=C\[C@H](C)[C@H](O)[C@@H](C)[C@@H](O)[C@@H](C)[C@H](OC(C)=O)[C@@H]1C,RIFALAZIL,COC1=C(N2CCN(C3=CC=C(C(F)(F)F)C=C3)C(C)C2)N=CN=C1C(=O)O,PV-008488388658,S,0.728968214392662,0.0341222029562949,,27,9
O=C(O)C1=CC=C(C(F)(F)F)N=C1N1CCN(C2=CC(Cl)=CC=C2O)CC1,0.46726190476190477,CC[C@@H](C)[C@H]1N[C@H]2C=Cc3c(cc(nc3[C@@H]2O)C(=O)O[C@@H](C)[C@H]2NC(=O)c3csc(n3)[C@@H](NC(=O)[C@H]3CSC(=N3)/C(=C/C)NC(=O)[C@@H](NC(=O)c3csc(n3)[C@]3(CCC(=N[C@@H]3c3csc2n3)c2nc(cs2)C(=O)NC(=C)C(=O)NC(=C)C(=O)N)NC(=O)[C@@H](C)NC(=O)C(=C)NC(=O)[C@@H](C)NC1=O)[C@@H](C)O)C(C)(O)[C@@H](C)O)[C@@H](C)O,BRD-A20697603,O=C(O)C1=CC=C(C(F)(F)F)N=C1N1CCN(C2=CC(Cl)=CC=C2O)CC1,0.4657039711191336,COc1c(N2C[C@@H]3CCCN[C@@H]3C2)c(F)cc2c(=O)c(C(=O)O)cn(C3CC3)c12,MOXIFLOXACIN,O=C(O)C1=CC=C(C(F)(F)F)N=C1N1CCN(C2=CC(Cl)=CC=C2O)CC1,PV-008881483986,M,0.7197180706262588,0.0256834161407925,,28,13
O=C(O)C1=CC(NC(=O)C2=NC=C3C(F)=CC=CN23)=CC(Cl)=C1Cl,0.4815223386651958,COC1C=COC2(C)Oc3c(C)c(O)c4c(O)c(c5c(nc6cc(C)ccn65)c4c3C2=O)NC(=O)C(C)=CC=CC(C)C(O)C(C)C(O)C(C)C(OC(C)=O)C1C,RIFAXIMIN,O=C(O)C1=CC(NC(=O)C2=NC=C3C(F)=CC=CN23)=CC(Cl)=C1Cl,0.4815223386651958,CO[C@H]1/C=C/O[C@@]2(C)Oc3c(C)c(O)c4c(O)c(c5c(nc6cc(C)ccn65)c4c3C2=O)NC(=O)/C(C)=C\C=C\[C@H](C)[C@H](O)[C@@H](C)[C@@H](O)[C@@H](C)[C@H](OC(C)=O)[C@@H]1C,RIFAXIMIN,O=C(O)C1=CC(NC(=O)C2=NC=C3C(F)=CC=CN23)=CC(Cl)=C1Cl,PV-007365215487,M,0.7063135892152786,0.0247950171768699,,29,4
CC1(C2=CC=C(C(F)(F)F)C=C2)CCN(C2=CC=NC=C2C(=O)O)C1,0.4525679758308157,COc1ccc(cc1)CCN1C(=O)[C@]2(Cc3ccccc31)[C@@H](N(Cc1ccccc1)C(=O)c1ccccc12)c1ccc(cc1)COC(=O)NCCCCCC(=O)NO,BRD-K64176200,CC1(C2=CC=C(C(F)(F)F)C=C2)CCN(C2=CC=NC=C2C(=O)O)C1,0.42186495176848876,CC[C@@H]1CCN(c2c(F)cc3c(=O)c(C(=O)O)cn(C4CC4)c3c2OC)C1,,CC1(C2=CC=C(C(F)(F)F)C=C2)CCN(C2=CC=NC=C2C(=O)O)C1,PV-003262685787,M,0.7204934543371201,0.0395938537630592,,30,15
O=C(O)C1=NC2=CC=CC=C2N=C1N1CCN(C2=CC=C(O)C(F)=C2)CC1,0.45369349503858875,COC1C=COC2(C)Oc3c(C)c(O)c4c(O)c(c5c(nc6cc(C)ccn65)c4c3C2=O)NC(=O)C(C)=CC=CC(C)C(O)C(C)C(O)C(C)C(OC(C)=O)C1C,RIFAXIMIN,O=C(O)C1=NC2=CC=CC=C2N=C1N1CCN(C2=CC=C(O)C(F)=C2)CC1,0.45369349503858875,CO[C@H]1/C=C/O[C@@]2(C)Oc3c(C)c(O)c4c(O)c(c5c(nc6cc(C)ccn65)c4c3C2=O)NC(=O)/C(C)=C\C=C\[C@H](C)[C@H](O)[C@@H](C)[C@@H](O)[C@@H](C)[C@H](OC(C)=O)[C@@H]1C,RIFAXIMIN,O=C(O)C1=NC2=CC=CC=C2N=C1N1CCN(C2=CC=C(O)C(F)=C2)CC1,PV-006838613912,M,0.7941156679391861,0.022752927077395,,31,8
CC(=O)C1=CC(F)=C(N2CCN(C3=CC(F)=C(O)C(F)=C3)CC2)C(F)=C1,0.39634146341463417,CC(=O)NC[C@H]1CN(C(=O)O1)c1ccc(c(c1)F)N1CCN(CC1)C(=O)CO,BRD-K47554101,CC(=O)C1=CC(F)=C(N2CCN(C3=CC(F)=C(O)C(F)=C3)CC2)C(F)=C1,0.44967682363804246,CCN1CC(C(=O)O)C(=O)c2cc(F)c(N3CCNCC3)cc21,,CC(=O)C1=CC(F)=C(N2CCN(C3=CC(F)=C(O)C(F)=C3)CC2)C(F)=C1,PV-006919878699,M,0.7108752065896988,0.0220584292400867,,32,9
CC1CN(C2=NC=C(C(=O)O)N3C=NC=C23)CCN1C1=CC=C(C(F)(F)F)C=C1,0.5267857142857143,CC[C@@H](C)[C@H]1N[C@H]2C=Cc3c(cc(nc3[C@@H]2O)C(=O)O[C@@H](C)[C@H]2NC(=O)c3csc(n3)[C@@H](NC(=O)[C@H]3CSC(=N3)/C(=C/C)NC(=O)[C@@H](NC(=O)c3csc(n3)[C@]3(CCC(=N[C@@H]3c3csc2n3)c2nc(cs2)C(=O)NC(=C)C(=O)NC(=C)C(=O)N)NC(=O)[C@@H](C)NC(=O)C(=C)NC(=O)[C@@H](C)NC1=O)[C@@H](C)O)C(C)(O)[C@@H](C)O)[C@@H](C)O,BRD-A20697603,CC1CN(C2=NC=C(C(=O)O)N3C=NC=C23)CCN1C1=CC=C(C(F)(F)F)C=C1,0.5193482688391039,CO[C@H]1/C=C/O[C@@]2(C)Oc3c(C)c(O)c4c(=O)c(c5oc6cc(N7CCN(CC(C)C)CC7)cc(O)c6nc-5c4c3C2=O)NC(=O)/C(C)=C\C=C\[C@H](C)[C@H](O)[C@@H](C)[C@@H](O)[C@@H](C)[C@H](OC(C)=O)[C@@H]1C,RIFALAZIL,CC1CN(C2=NC=C(C(=O)O)N3C=NC=C23)CCN1C1=CC=C(C(F)(F)F)C=C1,PV-007700285872,M,0.8192160648107528,0.0210291021277334,,33,8
O=C(O)C1=C2SC(NCC3=CC(F)=CC=C3N3CCOCC3)=NN2C=N1,0.56271690629648,CC[C@@H](C)[C@H]1N[C@H]2C=Cc3c(cc(nc3[C@@H]2O)C(=O)O[C@@H](C)[C@H]2NC(=O)c3csc(n3)[C@@H](NC(=O)[C@H]3CSC(=N3)/C(=C/C)NC(=O)[C@@H](NC(=O)c3csc(n3)[C@]3(CCC(=N[C@@H]3c3csc2n3)c2nc(cs2)C(=O)NC(=C)C(=O)NC(=C)C(=O)N)NC(=O)[C@@H](C)NC(=O)C(=C)NC(=O)[C@@H](C)NC1=O)[C@@H](C)O)C(C)(O)[C@@H](C)O)[C@@H](C)O,BRD-A20697603,O=C(O)C1=C2SC(NCC3=CC(F)=CC=C3N3CCOCC3)=NN2C=N1,0.5467880627212949,CO[C@H]1/C=C/O[C@@]2(C)Oc3c(C)c(O)c4c(=O)c(c5oc6cc(N7CCN(CC(C)C)CC7)cc(O)c6nc-5c4c3C2=O)NC(=O)/C(C)=C\C=C\[C@H](C)[C@H](O)[C@@H](C)[C@@H](O)[C@@H](C)[C@H](OC(C)=O)[C@@H]1C,RIFALAZIL,O=C(O)C1=C2SC(NCC3=CC(F)=CC=C3N3CCOCC3)=NN2C=N1,Z5592181237,M,0.7028124004602432,0.0406000366527937,,34,18
CC1=CC=C2N=CC=C(N3CCN(C4=NC=C(C(=O)O)S4)CC3)C2=C1F,0.5090568394753279,CC1CN(c2c(F)c(F)c3c(=O)c(C(=O)O)cn(C4CC4)c3c2F)CC(C)N1,ORBIFLOXACIN,CC1=CC=C2N=CC=C(N3CCN(C4=NC=C(C(=O)O)S4)CC3)C2=C1F,0.5071243523316062,Cc1c(F)c(N2CCNC(C)C2)cc2c1c(=O)c(C(=O)O)cn2C1CC1,GREPAFLOXACIN,CC1=CC=C2N=CC=C(N3CCN(C4=NC=C(C(=O)O)S4)CC3)C2=C1F,PV-006858784415,M,0.701600244641304,0.0477033071710974,,35,10
CCN1N=C(C2CC2)C=C1C1=CC2=C(O)C(C(=O)O)=CN=C2C(F)=C1,0.5800395256916996,CC[C@@H](C)[C@H]1N[C@H]2C=Cc3c(cc(nc3[C@@H]2O)C(=O)O[C@@H](C)[C@H]2NC(=O)c3csc(n3)[C@@H](NC(=O)[C@H]3CSC(=N3)/C(=C/C)NC(=O)[C@@H](NC(=O)c3csc(n3)[C@]3(CCC(=N[C@@H]3c3csc2n3)c2nc(cs2)C(=O)NC(=C)C(=O)NC(=C)C(=O)N)NC(=O)[C@@H](C)NC(=O)C(=C)NC(=O)[C@@H](C)NC1=O)[C@@H](C)O)C(C)(O)[C@@H](C)O)[C@@H](C)O,BRD-A20697603,CCN1N=C(C2CC2)C=C1C1=CC2=C(O)C(C(=O)O)=CN=C2C(F)=C1,0.5740365111561866,CO[C@H]1/C=C/O[C@@]2(C)Oc3c(C)c(O)c4c(=O)c(c5oc6cc(N7CCN(CC(C)C)CC7)cc(O)c6nc-5c4c3C2=O)NC(=O)/C(C)=C\C=C\[C@H](C)[C@H](O)[C@@H](C)[C@@H](O)[C@@H](C)[C@H](OC(C)=O)[C@@H]1C,RIFALAZIL,CCN1N=C(C2CC2)C=C1C1=CC2=C(O)C(C(=O)O)=CN=C2C(F)=C1,PV-002724486349,M,0.7164791640639305,0.0504670428458953,,36,3
O=C(O)C1=C2SC(NC3CC3CC3=CC=C(C(F)(F)F)C=C3)=NN2C=N1,0.522128294380905,CC[C@@H](C)[C@H]1N[C@H]2C=Cc3c(cc(nc3[C@@H]2O)C(=O)O[C@@H](C)[C@H]2NC(=O)c3csc(n3)[C@@H](NC(=O)[C@H]3CSC(=N3)/C(=C/C)NC(=O)[C@@H](NC(=O)c3csc(n3)[C@]3(CCC(=N[C@@H]3c3csc2n3)c2nc(cs2)C(=O)NC(=C)C(=O)NC(=C)C(=O)N)NC(=O)[C@@H](C)NC(=O)C(=C)NC(=O)[C@@H](C)NC1=O)[C@@H](C)O)C(C)(O)[C@@H](C)O)[C@@H](C)O,BRD-A20697603,O=C(O)C1=C2SC(NC3CC3CC3=CC=C(C(F)(F)F)C=C3)=NN2C=N1,0.5104008117706748,CNC(=O)C[C@@H]1NC(=O)c2csc(n2)-c2ccc(-c3nc(C4=N[C@H](C(=O)N5CCC[C@H]5C(N)=O)CO4)cs3)nc2-c2csc(n2)-c2csc(n2)C(C(O)c2ccccc2)NC(=O)CNC(=O)c2nc(sc2COC)[C@H](C(C)C)NC(=O)c2nc1sc2C,,O=C(O)C1=C2SC(NC3CC3CC3=CC=C(C(F)(F)F)C=C3)=NN2C=N1,PV-006728988087,M,0.7772281658649445,0.0366455029651366,,37,0
CC1=C(C(=O)O)OC(C(C)N2CCN(C3=CC=C(O)C(F)=C3)CC2)=C1,0.440117994100295,COC(=O)c1c2oc(c1C(=O)OC)C(=O)N[C@H](Cc1ccccc1)Cn1cc(nn1)[C@@H](Cc1ccccc1)NC(=O)N[C@H](CCc1oc(c(c1C(=O)OC)C(=O)OC)C(=O)N[C@H](Cc1ccccc1)Cn1cc(nn1)[C@@H](Cc1ccccc1)NC(=O)N[C@H](CC2)COC(=O)NCCCCCC(=O)NO)COC(=O)NCCCCCC(=O)NO,BRD-K79399659,CC1=C(C(=O)O)OC(C(C)N2CCN(C3=CC=C(O)C(F)=C3)CC2)=C1,0.425564681724846,CO[C@H]1/C=C/O[C@@]2(C)Oc3c(C)c(O)c4c(=O)c(c5oc6cc(N7CCN(CC(C)C)CC7)cc(O)c6nc-5c4c3C2=O)NC(=O)/C(C)=C\C=C\[C@H](C)[C@H](O)[C@@H](C)[C@@H](O)[C@@H](C)[C@H](OC(C)=O)[C@@H]1C,RIFALAZIL,CC1=C(C(=O)O)OC(C(C)N2CCN(C3=CC=C(O)C(F)=C3)CC2)=C1,Z5370401878,M,0.7766012859344482,0.0332742479591825,,38,12
O=C(O)C1=CN=C2C(C3=CC=C(C4CC4)C=C3F)=CN=CC2=C1O,0.517931609674729,CCCCCCCCCCOc1cc2c(O)c(C(=O)OCC)cnc2cc1OCC,DECOQUINATE [5mM],O=C(O)C1=CN=C2C(C3=CC=C(C4CC4)C=C3F)=CN=CC2=C1O,0.5082697201017812,C[C@H]1NCc2cc(-c3ccc4c(=O)c(C(=O)O)cn(C5CC5)c4c3OC(F)F)ccc21,GARENOXACIN,O=C(O)C1=CN=C2C(C3=CC=C(C4CC4)C=C3F)=CN=CC2=C1O,PV-006198683896,M,0.7845835542678833,0.0340619039531034,,39,3
O=C(O)C1=NC=CC2=C1CCN(C1=NC3=CC(C(F)(F)F)=CC=C3S1)C2,0.5713577799801784,CC[C@@H](C)[C@H]1N[C@H]2C=Cc3c(cc(nc3[C@@H]2O)C(=O)O[C@@H](C)[C@H]2NC(=O)c3csc(n3)[C@@H](NC(=O)[C@H]3CSC(=N3)/C(=C/C)NC(=O)[C@@H](NC(=O)c3csc(n3)[C@]3(CCC(=N[C@@H]3c3csc2n3)c2nc(cs2)C(=O)NC(=C)C(=O)NC(=C)C(=O)N)NC(=O)[C@@H](C)NC(=O)C(=C)NC(=O)[C@@H](C)NC1=O)[C@@H](C)O)C(C)(O)[C@@H](C)O)[C@@H](C)O,BRD-A20697603,O=C(O)C1=NC=CC2=C1CCN(C1=NC3=CC(C(F)(F)F)=CC=C3S1)C2,0.576133909287257,CCN(CC)c1nc2c(s1)c1c(O)c3c(O)c(C)c4c(c32)C(=O)[C@@](C)(O/C=C/[C@H](OC)[C@@H](C)[C@@H](OC(C)=O)[C@H](C)[C@H](O)[C@H](C)[C@@H](O)[C@@H](C)/C=C/C=C(/C)C(=O)N1)O4,RIFAMEXIL,O=C(O)C1=NC=CC2=C1CCN(C1=NC3=CC(C(F)(F)F)=CC=C3S1)C2,PV-005536102391,M,0.7227077072858811,0.0302141626913057,,40,6
O=C(O)C1=CC(Br)=CN=C1N1CCN(C2=C(F)C=NC=C2F)CC1,0.4656046343229544,CCn1cc(C(=O)O)c(=O)c2cc(F)c(N3CCNCC3)nc21,ENOXACIN,O=C(O)C1=CC(Br)=CN=C1N1CCN(C2=C(F)C=NC=C2F)CC1,0.4656046343229544,CCn1cc(C(=O)O)c(=O)c2cc(F)c(N3CCNCC3)nc21,ENOXACIN,O=C(O)C1=CC(Br)=CN=C1N1CCN(C2=C(F)C=NC=C2F)CC1,PV-007947857826,M,0.7196151620149612,0.0507242115175985,,41,9
NC1=NC(N2CC=C(C3=CC=CC(Cl)=C3F)CC2)=C(Cl)N=C1C(=O)O,0.541708043694141,CC[C@@H](C)[C@H]1N[C@H]2C=Cc3c(cc(nc3[C@@H]2O)C(=O)O[C@@H](C)[C@H]2NC(=O)c3csc(n3)[C@@H](NC(=O)[C@H]3CSC(=N3)/C(=C/C)NC(=O)[C@@H](NC(=O)c3csc(n3)[C@]3(CCC(=N[C@@H]3c3csc2n3)c2nc(cs2)C(=O)NC(=C)C(=O)NC(=C)C(=O)N)NC(=O)[C@@H](C)NC(=O)C(=C)NC(=O)[C@@H](C)NC1=O)[C@@H](C)O)C(C)(O)[C@@H](C)O)[C@@H](C)O,BRD-A20697603,NC1=NC(N2CC=C(C3=CC=CC(Cl)=C3F)CC2)=C(Cl)N=C1C(=O)O,0.5280545359202936,CCCCCCCCCCNCCN[C@@]1(C)C[C@H](O[C@H]2[C@H](Oc3c4cc5cc3Oc3ccc(cc3Cl)[C@@H](O)[C@@H](NC(=O)[C@@H](CC(C)C)NC)C(=O)N[C@@H](CC(N)=O)C(=O)N[C@H]5C(=O)N[C@H]3C(=O)N[C@H](C(=O)N[C@H](C(=O)O)c5cc(O)c(CNCP(=O)(O)O)c(O)c5-c5cc3ccc5O)[C@H](O)c3ccc(c(Cl)c3)O4)O[C@H](CO)[C@@H](O)[C@@H]2O)O[C@@H](C)[C@H]1O,TELAVANCIN,NC1=NC(N2CC=C(C3=CC=CC(Cl)=C3F)CC2)=C(Cl)N=C1C(=O)O,PV-008380784508,M,0.7217782336473465,0.0285187581427223,,42,15
O=C(O)C1=CC=C2C(N3CCN(C4=CC(F)=C(O)C(F)=C4)CC3)=NC=NC2=C1,0.5075217735550277,COc1cc2nc(nc(c2cc1OC)NC1CCN(CC1)Cc1ccccc1)N1CCCN(CC1)Cc1ccccc1,BRD-K19575000,O=C(O)C1=CC=C2C(N3CCN(C4=CC(F)=C(O)C(F)=C4)CC3)=NC=NC2=C1,0.4879807692307692,O=[N+]([O-])c1ccc(-c2nc(N(CCO)CCO)c3ccccc3n2)o1,NIFURQUINAZOL,O=C(O)C1=CC=C2C(N3CCN(C4=CC(F)=C(O)C(F)=C4)CC3)=NC=NC2=C1,PV-006955191883,M,0.7099197448790073,0.0326121390163499,,43,8
O=C(O)C1=CC2=C(N3CCN(C4=CC(F)=C(O)C(F)=C4)CC3)N=CC=C2S1,0.4945382323733863,CC[C@@H](C)[C@H]1N[C@H]2C=Cc3c(cc(nc3[C@@H]2O)C(=O)O[C@@H](C)[C@H]2NC(=O)c3csc(n3)[C@@H](NC(=O)[C@H]3CSC(=N3)/C(=C/C)NC(=O)[C@@H](NC(=O)c3csc(n3)[C@]3(CCC(=N[C@@H]3c3csc2n3)c2nc(cs2)C(=O)NC(=C)C(=O)NC(=C)C(=O)N)NC(=O)[C@@H](C)NC(=O)C(=C)NC(=O)[C@@H](C)NC1=O)[C@@H](C)O)C(C)(O)[C@@H](C)O)[C@@H](C)O,BRD-A20697603,O=C(O)C1=CC2=C(N3CCN(C4=CC(F)=C(O)C(F)=C4)CC3)N=CC=C2S1,0.49385245901639346,CO[C@H]1/C=C/O[C@@]2(C)Oc3c(C)c(O)c4c(=O)c(c5oc6cc(N7CCN(CC(C)C)CC7)cc(O)c6nc-5c4c3C2=O)NC(=O)/C(C)=C\C=C\[C@H](C)[C@H](O)[C@@H](C)[C@@H](O)[C@@H](C)[C@H](OC(C)=O)[C@@H]1C,RIFALAZIL,O=C(O)C1=CC2=C(N3CCN(C4=CC(F)=C(O)C(F)=C4)CC3)N=CC=C2S1,PV-006944020811,M,0.8521658486127853,0.0135886125580126,,44,8
O=C(O)C1=CC=CC(CNC2CCN(C3=CC=C(Cl)C(Cl)=C3)C2)=N1,0.4138915318744053,Clc1ccc(c(c1)Cl)N1CC[C@@H](N2CCS(=O)CC2)C1=O,BRD-A25887796,O=C(O)C1=CC=CC(CNC2CCN(C3=CC=C(Cl)C(Cl)=C3)C2)=N1,0.38764044943820225,CC[C@H]1NC(=O)[C@@H](NC(=O)c2ncccc2O)[C@@H](C)OC(=O)[C@H](c2ccccc2)NC(=O)[C@@H]2CC(=O)[C@H](CS[C@@H]3CN4CCC3CC4)CN2C(=O)[C@H](Cc2ccc(N(C)C)cc2)N(C)C(=O)[C@@H]2CCCN2C1=O,QUINUPRISTIN,O=C(O)C1=CC=CC(CNC2CCN(C3=CC=C(Cl)C(Cl)=C3)C2)=N1,Z5109059367,M,0.7413851529359817,0.0271088329859573,,45,7
O=C(O)C1=CC=CC2=C(N3CCN(C4=CC(Cl)=CC=C4O)CC3)C=CN=C12,0.501577287066246,CCn1cc(C(=O)O)c(=O)c2cc(F)c(N3CCNCC3)cc21,NORFLOXACIN,O=C(O)C1=CC=CC2=C(N3CCN(C4=CC(Cl)=CC=C4O)CC3)C=CN=C12,0.501577287066246,CCn1cc(C(=O)O)c(=O)c2cc(F)c(N3CCNCC3)cc21,NORFLOXACIN,O=C(O)C1=CC=CC2=C(N3CCN(C4=CC(Cl)=CC=C4O)CC3)C=CN=C12,PV-007510271310,M,0.7251540493965148,0.0344168890941663,,46,11
NC1=NC(N2CCOC(C3=C(Cl)C(Cl)=CC=C3)C2)=C(Cl)N=C1C(=O)O,0.5171046108081309,CC[C@@H](C)[C@H]1N[C@H]2C=Cc3c(cc(nc3[C@@H]2O)C(=O)O[C@@H](C)[C@H]2NC(=O)c3csc(n3)[C@@H](NC(=O)[C@H]3CSC(=N3)/C(=C/C)NC(=O)[C@@H](NC(=O)c3csc(n3)[C@]3(CCC(=N[C@@H]3c3csc2n3)c2nc(cs2)C(=O)NC(=C)C(=O)NC(=C)C(=O)N)NC(=O)[C@@H](C)NC(=O)C(=C)NC(=O)[C@@H](C)NC1=O)[C@@H](C)O)C(C)(O)[C@@H](C)O)[C@@H](C)O,BRD-A20697603,NC1=NC(N2CCOC(C3=C(Cl)C(Cl)=CC=C3)C2)=C(Cl)N=C1C(=O)O,0.5099236641221374,CN(C)[C@@H]1C(O)=C(C(=O)NCN[C@@H](C(=O)N[C@@H]2C(=O)N3[C@@H](C(=O)O)C(C)(C)S[C@H]23)c2ccccc2)C(=O)[C@@]2(O)C(O)=C3C(=O)c4c(O)cccc4[C@@](C)(O)[C@H]3C[C@@H]12,PENIMOCYCLINE,NC1=NC(N2CCOC(C3=C(Cl)C(Cl)=CC=C3)C2)=C(Cl)N=C1C(=O)O,PV-007198069285,M,0.7185660070180893,0.033376778125564,,47,15
O=C(O)C1=NC=NN1CCNC1=CC=NC2=CC=C(C(F)(F)F)C=C12,0.4411111111111111,C(Cc1ccccc1)Nc1ccnc2cc3ccccc3cc12,BRD-K36435942,O=C(O)C1=NC=NN1CCNC1=CC=NC2=CC=C(C(F)(F)F)C=C12,0.41602564102564105,C[C@H]1CN(c2c(F)c(N)c3c(=O)c(C(=O)O)cn(C4CC4)c3c2F)C[C@@H](C)N1,SPARFLOXACIN,O=C(O)C1=NC=NN1CCNC1=CC=NC2=CC=C(C(F)(F)F)C=C12,PV-006914915239,M,0.7367350941896439,0.0331921691953992,,48,1
O=C(O)C1=CC(Cl)=CN=C1N1CCN(C2=CC(F)=C(O)C(F)=C2)CC1,0.45889921372408865,CCn1cc(C(=O)O)c(=O)c2cc(F)c(N3CCNCC3)nc21,ENOXACIN,O=C(O)C1=CC(Cl)=CN=C1N1CCN(C2=CC(F)=C(O)C(F)=C2)CC1,0.45889921372408865,CCn1cc(C(=O)O)c(=O)c2cc(F)c(N3CCNCC3)nc21,ENOXACIN,O=C(O)C1=CC(Cl)=CN=C1N1CCN(C2=CC(F)=C(O)C(F)=C2)CC1,PV-006820391953,M,0.8521297472715378,0.0147032824598554,,49,13
O=C(O)C1=CC=C2N=CC=C(N3CCN(C4=CC=C(O)C(F)=C4)CC3)C2=C1,0.4928989139515455,CCn1cc(C(=O)O)c(=O)c2cc(F)c(N3CCNCC3)cc21,NORFLOXACIN,O=C(O)C1=CC=C2N=CC=C(N3CCN(C4=CC=C(O)C(F)=C4)CC3)C2=C1,0.4928989139515455,CCn1cc(C(=O)O)c(=O)c2cc(F)c(N3CCNCC3)cc21,NORFLOXACIN,O=C(O)C1=CC=C2N=CC=C(N3CCN(C4=CC=C(O)C(F)=C4)CC3)C2=C1,PV-006905899778,M,0.7621836721897125,0.0330576781810648,,50,11
O=C(O)C1=NN(C2CCCN(C3=CC=NC4=CC=C(C(F)(F)F)C=C34)C2)C=C1,0.5125535823637477,OC[C@H]1CN(C(=O)O1)c1ccc(c(c1)F)OCC1(O)CCN(CC1)c1cc2c(cc1F)C(=O)C(=CN2C1CC1)C(=O)O,BRD-K00003370,O=C(O)C1=NN(C2CCCN(C3=CC=NC4=CC=C(C(F)(F)F)C=C34)C2)C=C1,0.5125535823637477,O=C(O)c1cn(C2CC2)c2cc(N3CCC(O)(COc4ccc(N5C[C@H](CO)OC5=O)cc4F)CC3)c(F)cc2c1=O,CADAZOLID,O=C(O)C1=NN(C2CCCN(C3=CC=NC4=CC=C(C(F)(F)F)C=C34)C2)C=C1,PV-006830974037,S,0.7128012216091156,0.0316247143122159,,51,10
O=C(O)C1=CC(N2CCN(C3=CC=C(O)C(F)=C3)CC2)=NC=C1Br,0.40819312362838334,CCn1cc(C(=O)O)c(=O)c2cc(F)c(N3CCNCC3)nc21,ENOXACIN,O=C(O)C1=CC(N2CCN(C3=CC=C(O)C(F)=C3)CC2)=NC=C1Br,0.40819312362838334,CCn1cc(C(=O)O)c(=O)c2cc(F)c(N3CCNCC3)nc21,ENOXACIN,O=C(O)C1=CC(N2CCN(C3=CC=C(O)C(F)=C3)CC2)=NC=C1Br,Z5370393611,M,0.81960913002491,0.0156514068465441,,52,13
O=C(O)C1=CN=C(NC(=O)C2=COC3=C2C=CC(Cl)=C3F)S1,0.4918032786885246,CC[C@@H](C)[C@H]1N[C@H]2C=Cc3c(cc(nc3[C@@H]2O)C(=O)O[C@@H](C)[C@H]2NC(=O)c3csc(n3)[C@@H](NC(=O)[C@H]3CSC(=N3)/C(=C/C)NC(=O)[C@@H](NC(=O)c3csc(n3)[C@]3(CCC(=N[C@@H]3c3csc2n3)c2nc(cs2)C(=O)NC(=C)C(=O)NC(=C)C(=O)N)NC(=O)[C@@H](C)NC(=O)C(=C)NC(=O)[C@@H](C)NC1=O)[C@@H](C)O)C(C)(O)[C@@H](C)O)[C@@H](C)O,BRD-A20697603,O=C(O)C1=CN=C(NC(=O)C2=COC3=C2C=CC(Cl)=C3F)S1,0.48040712468193386,CO[C@H]1/C=C/O[C@@]2(C)Oc3c(C)c(O)c4c(=O)c(c5oc6cc(N7CCN(CC(C)C)CC7)cc(O)c6nc-5c4c3C2=O)NC(=O)/C(C)=C\C=C\[C@H](C)[C@H](O)[C@@H](C)[C@@H](O)[C@@H](C)[C@H](OC(C)=O)[C@@H]1C,RIFALAZIL,O=C(O)C1=CN=C(NC(=O)C2=COC3=C2C=CC(Cl)=C3F)S1,PV-008100521556,S,0.7260700345039368,0.0326644022779571,,53,4
NC(=O)C1=NC=C(NC(=O)C2=C(Cl)C(Br)=CS2)S1,0.38828202581926513,CC[C@@H](C)[C@H]1N[C@H]2C=Cc3c(cc(nc3[C@@H]2O)C(=O)O[C@@H](C)[C@H]2NC(=O)c3csc(n3)[C@@H](NC(=O)[C@H]3CSC(=N3)/C(=C/C)NC(=O)[C@@H](NC(=O)c3csc(n3)[C@]3(CCC(=N[C@@H]3c3csc2n3)c2nc(cs2)C(=O)NC(=C)C(=O)NC(=C)C(=O)N)NC(=O)[C@@H](C)NC(=O)C(=C)NC(=O)[C@@H](C)NC1=O)[C@@H](C)O)C(C)(O)[C@@H](C)O)[C@@H](C)O,BRD-A20697603,NC(=O)C1=NC=C(NC(=O)C2=C(Cl)C(Br)=CS2)S1,0.38650306748466257,CNC(=O)C[C@@H]1NC(=O)c2csc(n2)-c2ccc(-c3nc(C4=N[C@H](C(=O)N5CCC[C@H]5C(N)=O)CO4)cs3)nc2-c2csc(n2)-c2csc(n2)C(C(O)c2ccccc2)NC(=O)CNC(=O)c2nc(sc2COC)[C@H](C(C)C)NC(=O)c2nc1sc2C,,NC(=O)C1=NC=C(NC(=O)C2=C(Cl)C(Br)=CS2)S1,PV-007095112336,M,0.7044414907693863,0.0313218253176397,,54,4
O=C(NC1=C(Br)N=NS1)C1=CC(O)=CC(Cl)=C1Cl,0.4846989141164857,O=C(Nc1cc(Cl)cc(Cl)c1O)c1c(O)c(Cl)cc(Cl)c1Cl,OXYCLOZANIDE,O=C(NC1=C(Br)N=NS1)C1=CC(O)=CC(Cl)=C1Cl,0.36329588014981273,CN[C@H](CC(C)C)C(=O)N[C@H]1C(=O)N[C@@H](CC(N)=O)C(=O)N[C@H]2C(=O)N[C@H]3C(=O)N[C@H](C(=O)N[C@H](C(=O)O)c4cc(O)cc(O)c4-c4cc3ccc4O)[C@H](O[C@H]3C[C@](C)(N)[C@@H](O)[C@H](C)O3)c3ccc(c(Cl)c3)Oc3cc2cc(c3O[C@@H]2O[C@H](CO)[C@@H](O)[C@H](O)[C@H]2O[C@H]2C[C@](C)(NCc3ccc(-c4ccc(Cl)cc4)cc3)[C@@H](O)[C@H](C)O2)Oc2ccc(cc2Cl)[C@H]1O,ORITAVANCIN,O=C(NC1=C(Br)N=NS1)C1=CC(O)=CC(Cl)=C1Cl,PV-007262169202,M,0.7283629965782166,0.0137604836761452,,55,19
O=C(O)C1=C2SC(N3CCC4=C(C3)C(F)=C(Cl)C=C4)=NN2C=N1,0.6282051282051282,CC[C@@H](C)[C@H]1N[C@H]2C=Cc3c(cc(nc3[C@@H]2O)C(=O)O[C@@H](C)[C@H]2NC(=O)c3csc(n3)[C@@H](NC(=O)[C@H]3CSC(=N3)/C(=C/C)NC(=O)[C@@H](NC(=O)c3csc(n3)[C@]3(CCC(=N[C@@H]3c3csc2n3)c2nc(cs2)C(=O)NC(=C)C(=O)NC(=C)C(=O)N)NC(=O)[C@@H](C)NC(=O)C(=C)NC(=O)[C@@H](C)NC1=O)[C@@H](C)O)C(C)(O)[C@@H](C)O)[C@@H](C)O,BRD-A20697603,O=C(O)C1=C2SC(N3CCC4=C(C3)C(F)=C(Cl)C=C4)=NN2C=N1,0.6153071500503524,CO[C@H]1/C=C/O[C@@]2(C)Oc3c(C)c(O)c4c(=O)c(c5oc6cc(N7CCN(CC(C)C)CC7)cc(O)c6nc-5c4c3C2=O)NC(=O)/C(C)=C\C=C\[C@H](C)[C@H](O)[C@@H](C)[C@@H](O)[C@@H](C)[C@H](OC(C)=O)[C@@H]1C,RIFALAZIL,O=C(O)C1=C2SC(N3CCC4=C(C3)C(F)=C(Cl)C=C4)=NN2C=N1,PV-006761120348,M,0.7088613307476044,0.0311338540118029,,56,2
O=C(O)C1=NC=CN=C1N1CCN(C2=CC(F)=C(O)C(F)=C2)CC1,0.39074733096085407,CCn1cc(C(=O)O)c(=O)c2cc(F)c(N3CCNCC3)nc21,ENOXACIN,O=C(O)C1=NC=CN=C1N1CCN(C2=CC(F)=C(O)C(F)=C2)CC1,0.39074733096085407,CCn1cc(C(=O)O)c(=O)c2cc(F)c(N3CCNCC3)nc21,ENOXACIN,O=C(O)C1=NC=CN=C1N1CCN(C2=CC(F)=C(O)C(F)=C2)CC1,Z5370392870,M,0.7601625680923462,0.032827161786635,,57,9
CC1CN(CC2=C(C(=O)O)OC=C2)CCN1C1=CC=C(C(F)(F)F)C=C1,0.3996802557953637,C[C@H]1CN([C@@H](C)CO)C(=O)CCCn2cc(nn2)CO[C@@H]1CN(C)C(=O)c1ccc(cc1)N1CCN(C)CC1,BRD-K02811477,CC1CN(CC2=C(C(=O)O)OC=C2)CCN1C1=CC=C(C(F)(F)F)C=C1,0.38405797101449274,CC1=C\[C@@H](O)CC(=O)Cc2nc(co2)C(=O)N2CCC=C2C(=O)O[C@H](C(C)C)[C@H](C)/C=C/C(=O)NC\C=C\1.CC[C@H]1NC(=O)[C@@H](NC(=O)c2ncccc2O)[C@@H](C)OC(=O)[C@H](c2ccccc2)NC(=O)[C@@H]2CC(=O)CCN2C(=O)[C@H](Cc2ccc(N(C)C)cc2)N(C)C(=O)[C@@H]2CCCN2C1=O,MIKAMYCIN,CC1CN(CC2=C(C(=O)O)OC=C2)CCN1C1=CC=C(C(F)(F)F)C=C1,Z4169193258,S,0.7061896759271622,0.0487587889366533,,58,12
O=C(O)C1(F)CN(C2=NC3=CC(C(F)(F)F)=CC=C3S2)CC1C1CC1,0.5438335809806835,CC[C@@H](C)[C@H]1N[C@H]2C=Cc3c(cc(nc3[C@@H]2O)C(=O)O[C@@H](C)[C@H]2NC(=O)c3csc(n3)[C@@H](NC(=O)[C@H]3CSC(=N3)/C(=C/C)NC(=O)[C@@H](NC(=O)c3csc(n3)[C@]3(CCC(=N[C@@H]3c3csc2n3)c2nc(cs2)C(=O)NC(=C)C(=O)NC(=C)C(=O)N)NC(=O)[C@@H](C)NC(=O)C(=C)NC(=O)[C@@H](C)NC1=O)[C@@H](C)O)C(C)(O)[C@@H](C)O)[C@@H](C)O,BRD-A20697603,O=C(O)C1(F)CN(C2=NC3=CC(C(F)(F)F)=CC=C3S2)CC1C1CC1,0.5404992358634743,CN(C)[C@@H]1C(O)=C(C(=O)NCN[C@@H](C(=O)N[C@@H]2C(=O)N3[C@@H](C(=O)O)C(C)(C)S[C@H]23)c2ccccc2)C(=O)[C@@]2(O)C(O)=C3C(=O)c4c(O)cccc4[C@@](C)(O)[C@H]3C[C@@H]12,PENIMOCYCLINE,O=C(O)C1(F)CN(C2=NC3=CC(C(F)(F)F)=CC=C3S2)CC1C1CC1,PV-006462474650,M,0.7125676983594894,0.0409617435207661,,59,6
O=C(O)C1=NC=C(CNC2CCN(C3=CC=C(F)C=C3F)CC2)S1,0.3697478991596639,CN1C[C@H]2C[C@@H]1CN2c1cc2c(cc1F)C(=O)C(=CN2C1CC1)C(=O)O,BRD-K17696061-001-01-5,O=C(O)C1=NC=C(CNC2CCN(C3=CC=C(F)C=C3F)CC2)S1,0.3649093904448105,O=C1C=CN(c2c(F)cc(N3C[C@H](CNc4ccon4)OC3=O)c(F)c2F)CC1,CONTEZOLID,O=C(O)C1=NC=C(CNC2CCN(C3=CC=C(F)C=C3F)CC2)S1,Z4960389772,M,0.7460544931888581,0.041294255769385,,60,7
O=C(O)C1=CC=NC(N2CCN(C3=CC=C(O)C(F)=C3)CC2)=C1F,0.44093910491562727,CCn1cc(C(=O)O)c(=O)c2cc(F)c(N3CCNCC3)nc21,ENOXACIN,O=C(O)C1=CC=NC(N2CCN(C3=CC=C(O)C(F)=C3)CC2)=C1F,0.44093910491562727,CCn1cc(C(=O)O)c(=O)c2cc(F)c(N3CCNCC3)nc21,ENOXACIN,O=C(O)C1=CC=NC(N2CCN(C3=CC=C(O)C(F)=C3)CC2)=C1F,Z5370393623,M,0.8299508053064346,0.016088753951393,,61,13
CC1CN(C2=NC=CN3C=C(C(=O)[O-])C=C23)CCN1C1=CC=C(C(F)(F)F)C=C1,0.4962311557788945,N[C@H]1CCN(C1)c1nc2c(cc1F)C(=O)C(=CN2c1ccc(cc1F)F)C(=O)O,BRD-K01825158,CC1CN(C2=NC=CN3C=C(C(=O)[O-])C=C23)CCN1C1=CC=C(C(F)(F)F)C=C1,0.4962311557788945,NC1CCN(c2nc3c(cc2F)c(=O)c(C(=O)O)cn3-c2ccc(F)cc2F)C1,TOSUFLOXACIN,CC1CN(C2=NC=CN3C=C(C(=O)[O-])C=C23)CCN1C1=CC=C(C(F)(F)F)C=C1,PV-007457878029,M,0.7635806691646576,0.0326775169187516,,62,8
O=C(O)C1=C2SC(N3CCC(CC4=CC=C(F)C(F)=C4)CC3)=NN2C=N1,0.533201189296333,CC[C@@H](C)[C@H]1N[C@H]2C=Cc3c(cc(nc3[C@@H]2O)C(=O)O[C@@H](C)[C@H]2NC(=O)c3csc(n3)[C@@H](NC(=O)[C@H]3CSC(=N3)/C(=C/C)NC(=O)[C@@H](NC(=O)c3csc(n3)[C@]3(CCC(=N[C@@H]3c3csc2n3)c2nc(cs2)C(=O)NC(=C)C(=O)NC(=C)C(=O)N)NC(=O)[C@@H](C)NC(=O)C(=C)NC(=O)[C@@H](C)NC1=O)[C@@H](C)O)C(C)(O)[C@@H](C)O)[C@@H](C)O,BRD-A20697603,O=C(O)C1=C2SC(N3CCC(CC4=CC=C(F)C(F)=C4)CC3)=NN2C=N1,0.524822695035461,CNC(=O)C[C@@H]1NC(=O)c2csc(n2)-c2ccc(-c3nc(C4=N[C@H](C(=O)N5CCC[C@H]5C(N)=O)CO4)cs3)nc2-c2csc(n2)-c2csc(n2)C(C(O)c2ccccc2)NC(=O)CNC(=O)c2nc(sc2COC)[C@H](C(C)C)NC(=O)c2nc1sc2C,,O=C(O)C1=C2SC(N3CCC(CC4=CC=C(F)C(F)=C4)CC3)=NN2C=N1,PV-006909368778,M,0.7111302256584168,0.0352928881895292,,63,2
CC1=CN2N=C(C(=O)O)C=C2C(N2CCN(C3=CC=C(O)C(F)=C3)CC2)=N1,0.5403265710044532,CC[C@@H](C)[C@H]1N[C@H]2C=Cc3c(cc(nc3[C@@H]2O)C(=O)O[C@@H](C)[C@H]2NC(=O)c3csc(n3)[C@@H](NC(=O)[C@H]3CSC(=N3)/C(=C/C)NC(=O)[C@@H](NC(=O)c3csc(n3)[C@]3(CCC(=N[C@@H]3c3csc2n3)c2nc(cs2)C(=O)NC(=C)C(=O)NC(=C)C(=O)N)NC(=O)[C@@H](C)NC(=O)C(=C)NC(=O)[C@@H](C)NC1=O)[C@@H](C)O)C(C)(O)[C@@H](C)O)[C@@H](C)O,BRD-A20697603,CC1=CN2N=C(C(=O)O)C=C2C(N2CCN(C3=CC=C(O)C(F)=C3)CC2)=N1,0.5371690427698574,CO[C@H]1/C=C/O[C@@]2(C)Oc3c(C)c(O)c4c(=O)c(c5oc6cc(N7CCN(CC(C)C)CC7)cc(O)c6nc-5c4c3C2=O)NC(=O)/C(C)=C\C=C\[C@H](C)[C@H](O)[C@@H](C)[C@@H](O)[C@@H](C)[C@H](OC(C)=O)[C@@H]1C,RIFALAZIL,CC1=CN2N=C(C(=O)O)C=C2C(N2CCN(C3=CC=C(O)C(F)=C3)CC2)=N1,Z5370393628,M,0.8164837455749512,0.0237779831670068,,64,8
O=C(O)C1=C2SC(N3CCN(C4=CC(F)=C(O)C(F)=C4)CC3)=NN2C=N1,0.5411706349206349,CC[C@@H](C)[C@H]1N[C@H]2C=Cc3c(cc(nc3[C@@H]2O)C(=O)O[C@@H](C)[C@H]2NC(=O)c3csc(n3)[C@@H](NC(=O)[C@H]3CSC(=N3)/C(=C/C)NC(=O)[C@@H](NC(=O)c3csc(n3)[C@]3(CCC(=N[C@@H]3c3csc2n3)c2nc(cs2)C(=O)NC(=C)C(=O)NC(=C)C(=O)N)NC(=O)[C@@H](C)NC(=O)C(=C)NC(=O)[C@@H](C)NC1=O)[C@@H](C)O)C(C)(O)[C@@H](C)O)[C@@H](C)O,BRD-A20697603,O=C(O)C1=C2SC(N3CCN(C4=CC(F)=C(O)C(F)=C4)CC3)=NN2C=N1,0.5302183849669884,CO[C@H]1/C=C/O[C@@]2(C)Oc3c(C)c(O)c4c(=O)c(c5oc6cc(N7CCN(CC(C)C)CC7)cc(O)c6nc-5c4c3C2=O)NC(=O)/C(C)=C\C=C\[C@H](C)[C@H](O)[C@@H](C)[C@@H](O)[C@@H](C)[C@H](OC(C)=O)[C@@H]1C,RIFALAZIL,O=C(O)C1=C2SC(N3CCN(C4=CC(F)=C(O)C(F)=C4)CC3)=NN2C=N1,Z5592187281,M,0.8909279918670654,0.0129488403102555,,65,14
O=C(O)C1=C2SC(NCC3CCN(C4=CC=C(F)C(F)=C4)C3)=NN2C=N1,0.5337636544190665,CC[C@@H](C)[C@H]1N[C@H]2C=Cc3c(cc(nc3[C@@H]2O)C(=O)O[C@@H](C)[C@H]2NC(=O)c3csc(n3)[C@@H](NC(=O)[C@H]3CSC(=N3)/C(=C/C)NC(=O)[C@@H](NC(=O)c3csc(n3)[C@]3(CCC(=N[C@@H]3c3csc2n3)c2nc(cs2)C(=O)NC(=C)C(=O)NC(=C)C(=O)N)NC(=O)[C@@H](C)NC(=O)C(=C)NC(=O)[C@@H](C)NC1=O)[C@@H](C)O)C(C)(O)[C@@H](C)O)[C@@H](C)O,BRD-A20697603,O=C(O)C1=C2SC(NCC3CCN(C4=CC=C(F)C(F)=C4)C3)=NN2C=N1,0.5138539042821159,CNC(=O)C[C@@H]1NC(=O)c2csc(n2)-c2ccc(-c3nc(C4=N[C@H](C(=O)N5CCC[C@H]5C(N)=O)CO4)cs3)nc2-c2csc(n2)-c2csc(n2)C(C(O)c2ccccc2)NC(=O)CNC(=O)c2nc(sc2COC)[C@H](C(C)C)NC(=O)c2nc1sc2C,,O=C(O)C1=C2SC(NCC3CCN(C4=CC=C(F)C(F)=C4)C3)=NN2C=N1,Z5592183409,M,0.7904040342569352,0.0240066800031333,,66,18
O=C(O)C1=CC=C(N2CCN(C3=CC(F)=C(O)C(F)=C3)CC2)C2=NC=CC=C12,0.46646571213263,CC1(COC1)COc1ccc2n(cnc2c1)-c1ccc2cccc(c2n1)N1CCC(N)CC1,BRD-K22127577,O=C(O)C1=CC=C(N2CCN(C3=CC(F)=C(O)C(F)=C3)CC2)C2=NC=CC=C12,0.47386286490156143,Cc1c(F)c(N2CCNC(C)C2)cc2c1c(=O)c(C(=O)O)cn2C1CC1,GREPAFLOXACIN,O=C(O)C1=CC=C(N2CCN(C3=CC(F)=C(O)C(F)=C3)CC2)C2=NC=CC=C12,PV-006889534038,M,0.8323802241683006,0.0224740627271217,,67,8
CC(NC1=NN2C=NC(C(=O)O)=C2S1)C1=CC(F)=CC=C1N(C)C,0.5725606736007924,CC[C@@H](C)[C@H]1N[C@H]2C=Cc3c(cc(nc3[C@@H]2O)C(=O)O[C@@H](C)[C@H]2NC(=O)c3csc(n3)[C@@H](NC(=O)[C@H]3CSC(=N3)/C(=C/C)NC(=O)[C@@H](NC(=O)c3csc(n3)[C@]3(CCC(=N[C@@H]3c3csc2n3)c2nc(cs2)C(=O)NC(=C)C(=O)NC(=C)C(=O)N)NC(=O)[C@@H](C)NC(=O)C(=C)NC(=O)[C@@H](C)NC1=O)[C@@H](C)O)C(C)(O)[C@@H](C)O)[C@@H](C)O,BRD-A20697603,CC(NC1=NN2C=NC(C(=O)O)=C2S1)C1=CC(F)=CC=C1N(C)C,0.5571788413098236,CNC(=O)C[C@@H]1NC(=O)c2csc(n2)-c2ccc(-c3nc(C4=N[C@H](C(=O)N5CCC[C@H]5C(N)=O)CO4)cs3)nc2-c2csc(n2)-c2csc(n2)C(C(O)c2ccccc2)NC(=O)CNC(=O)c2nc(sc2COC)[C@H](C(C)C)NC(=O)c2nc1sc2C,,CC(NC1=NN2C=NC(C(=O)O)=C2S1)C1=CC(F)=CC=C1N(C)C,Z5592184500,M,0.7468560600280761,0.0365393977072344,,68,0
O=C(O)C1=C2SC(N3CCN(C4=CC=C(C(F)(F)F)C=N4)CC3)=NN2C=N1,0.5647642679900744,CC[C@@H](C)[C@H]1N[C@H]2C=Cc3c(cc(nc3[C@@H]2O)C(=O)O[C@@H](C)[C@H]2NC(=O)c3csc(n3)[C@@H](NC(=O)[C@H]3CSC(=N3)/C(=C/C)NC(=O)[C@@H](NC(=O)c3csc(n3)[C@]3(CCC(=N[C@@H]3c3csc2n3)c2nc(cs2)C(=O)NC(=C)C(=O)NC(=C)C(=O)N)NC(=O)[C@@H](C)NC(=O)C(=C)NC(=O)[C@@H](C)NC1=O)[C@@H](C)O)C(C)(O)[C@@H](C)O)[C@@H](C)O,BRD-A20697603,O=C(O)C1=C2SC(N3CCN(C4=CC=C(C(F)(F)F)C=N4)CC3)=NN2C=N1,0.5504308160162189,CO[C@H]1/C=C/O[C@@]2(C)Oc3c(C)c(O)c4c(=O)c(c5oc6cc(N7CCN(CC(C)C)CC7)cc(O)c6nc-5c4c3C2=O)NC(=O)/C(C)=C\C=C\[C@H](C)[C@H](O)[C@@H](C)[C@@H](O)[C@@H](C)[C@H](OC(C)=O)[C@@H]1C,RIFALAZIL,O=C(O)C1=C2SC(N3CCN(C4=CC=C(C(F)(F)F)C=N4)CC3)=NN2C=N1,Z5592179276,M,0.7713372075557708,0.0319879403751709,,69,14
O=C(O)C1=CN=C(NCC2CCN(C3=CC=C(Cl)C=C3F)C2)S1,0.3852515506547209,CN1C[C@H]2C[C@@H]1CN2c1cc2c(cc1F)C(=O)C(=CN2C1CC1)C(=O)O,BRD-K17696061-001-01-5,O=C(O)C1=CN=C(NCC2CCN(C3=CC=C(Cl)C=C3F)C2)S1,0.38206785137318255,O=C1C=CN(c2c(F)cc(N3C[C@H](CNc4ccon4)OC3=O)c(F)c2F)CC1,CONTEZOLID,O=C(O)C1=CN=C(NCC2CCN(C3=CC=C(Cl)C=C3F)C2)S1,PV-007234074711,S,0.7440455168485641,0.0291177279558149,,70,7
O=C(O)C1=NC=NN1C1CN(C2=NC3=CC(C(F)(F)F)=CC=C3S2)C1,0.5109126984126984,CC[C@@H](C)[C@H]1N[C@H]2C=Cc3c(cc(nc3[C@@H]2O)C(=O)O[C@@H](C)[C@H]2NC(=O)c3csc(n3)[C@@H](NC(=O)[C@H]3CSC(=N3)/C(=C/C)NC(=O)[C@@H](NC(=O)c3csc(n3)[C@]3(CCC(=N[C@@H]3c3csc2n3)c2nc(cs2)C(=O)NC(=C)C(=O)NC(=C)C(=O)N)NC(=O)[C@@H](C)NC(=O)C(=C)NC(=O)[C@@H](C)NC1=O)[C@@H](C)O)C(C)(O)[C@@H](C)O)[C@@H](C)O,BRD-A20697603,O=C(O)C1=NC=NN1C1CN(C2=NC3=CC(C(F)(F)F)=CC=C3S2)C1,0.5127233351380617,CCN(CC)c1nc2c(s1)c1c(O)c3c(O)c(C)c4c(c32)C(=O)[C@@](C)(O/C=C/[C@H](OC)[C@@H](C)[C@@H](OC(C)=O)[C@H](C)[C@H](O)[C@H](C)[C@@H](O)[C@@H](C)/C=C/C=C(/C)C(=O)N1)O4,RIFAMEXIL,O=C(O)C1=NC=NN1C1CN(C2=NC3=CC(C(F)(F)F)=CC=C3S2)C1,Z5014450947,M,0.7652738958597183,0.0276650759761076,,71,6
O=C(O)C1=C2SC(NCC3(C4=CC(F)=CC=C4F)CCCC3)=NN2C=N1,0.5685304304799604,CC[C@@H](C)[C@H]1N[C@H]2C=Cc3c(cc(nc3[C@@H]2O)C(=O)O[C@@H](C)[C@H]2NC(=O)c3csc(n3)[C@@H](NC(=O)[C@H]3CSC(=N3)/C(=C/C)NC(=O)[C@@H](NC(=O)c3csc(n3)[C@]3(CCC(=N[C@@H]3c3csc2n3)c2nc(cs2)C(=O)NC(=C)C(=O)NC(=C)C(=O)N)NC(=O)[C@@H](C)NC(=O)C(=C)NC(=O)[C@@H](C)NC1=O)[C@@H](C)O)C(C)(O)[C@@H](C)O)[C@@H](C)O,BRD-A20697603,O=C(O)C1=C2SC(NCC3(C4=CC(F)=CC=C4F)CCCC3)=NN2C=N1,0.5546599496221662,CNC(=O)C[C@@H]1NC(=O)c2csc(n2)-c2ccc(-c3nc(C4=N[C@H](C(=O)N5CCC[C@H]5C(N)=O)CO4)cs3)nc2-c2csc(n2)-c2csc(n2)C(C(O)c2ccccc2)NC(=O)CNC(=O)c2nc(sc2COC)[C@H](C(C)C)NC(=O)c2nc1sc2C,,O=C(O)C1=C2SC(NCC3(C4=CC(F)=CC=C4F)CCCC3)=NN2C=N1,PV-007048473396,M,0.7215092360973359,0.0339137456722493,,72,0
O=C(NC1=NC=C(Cl)C=C1O)C1=CC(O)=CC(Cl)=C1Cl,0.5347222222222222,O=C(Nc1cc(Cl)cc(Cl)c1O)c1c(O)c(Cl)cc(Cl)c1Cl,OXYCLOZANIDE,O=C(NC1=NC=C(Cl)C=C1O)C1=CC(O)=CC(Cl)=C1Cl,0.3803942461374534,CN[C@H](CC(C)C)C(=O)N[C@H]1C(=O)N[C@@H](CC(N)=O)C(=O)N[C@H]2C(=O)N[C@H]3C(=O)N[C@H](C(=O)N[C@H](C(=O)O)c4cc(O)cc(O)c4-c4cc3ccc4O)[C@H](O[C@H]3C[C@](C)(N)[C@@H](O)[C@H](C)O3)c3ccc(c(Cl)c3)Oc3cc2cc(c3O[C@@H]2O[C@H](CO)[C@@H](O)[C@H](O)[C@H]2O[C@H]2C[C@](C)(NCc3ccc(-c4ccc(Cl)cc4)cc3)[C@@H](O)[C@H](C)O2)Oc2ccc(cc2Cl)[C@H]1O,ORITAVANCIN,O=C(NC1=NC=C(Cl)C=C1O)C1=CC(O)=CC(Cl)=C1Cl,PV-002893841083,M,0.7123923009634018,0.0147609076248184,,73,19
CC1=CC=C2N=CC=C(N(C)CC3=NN=C(C(=O)O)S3)C2=C1F,0.46878901373283394,CC1CN(c2c(F)c(F)c3c(=O)c(C(=O)O)cn(C4CC4)c3c2F)CC(C)N1,ORBIFLOXACIN,CC1=CC=C2N=CC=C(N(C)CC3=NN=C(C(=O)O)S3)C2=C1F,0.4647095565271705,C[C@H]1CN(c2c(F)c(N)c3c(=O)c(C(=O)O)cn(C4CC4)c3c2F)C[C@@H](C)N1,SPARFLOXACIN,CC1=CC=C2N=CC=C(N(C)CC3=NN=C(C(=O)O)S3)C2=C1F,PV-007132286517,M,0.7097239071130752,0.043688569310701,,74,1
CC1CN(C2=NC3=CC(C(=O)O)=NN3C=C2)CCN1C1=CC=C(C(F)(F)F)C=C1,0.4794044665012407,CC[C@@H](C)[C@H]1N[C@H]2C=Cc3c(cc(nc3[C@@H]2O)C(=O)O[C@@H](C)[C@H]2NC(=O)c3csc(n3)[C@@H](NC(=O)[C@H]3CSC(=N3)/C(=C/C)NC(=O)[C@@H](NC(=O)c3csc(n3)[C@]3(CCC(=N[C@@H]3c3csc2n3)c2nc(cs2)C(=O)NC(=C)C(=O)NC(=C)C(=O)N)NC(=O)[C@@H](C)NC(=O)C(=C)NC(=O)[C@@H](C)NC1=O)[C@@H](C)O)C(C)(O)[C@@H](C)O)[C@@H](C)O,BRD-A20697603,CC1CN(C2=NC3=CC(C(=O)O)=NN3C=C2)CCN1C1=CC=C(C(F)(F)F)C=C1,0.47145769622833844,CO[C@H]1/C=C/O[C@@]2(C)Oc3c(C)c(O)c4c(=O)c(c5oc6cc(N7CCN(CC(C)C)CC7)cc(O)c6nc-5c4c3C2=O)NC(=O)/C(C)=C\C=C\[C@H](C)[C@H](O)[C@@H](C)[C@@H](O)[C@@H](C)[C@H](OC(C)=O)[C@@H]1C,RIFALAZIL,CC1CN(C2=NC3=CC(C(=O)O)=NN3C=C2)CCN1C1=CC=C(C(F)(F)F)C=C1,PV-008897463503,M,0.8058063340187073,0.0221865642141484,,75,8
CC1=C(C(=O)NC2=NC3=CC(Cl)=C(Cl)C=C3N2C)N=C(C(=O)O)S1,0.5164342629482072,CC[C@@H](C)[C@H]1N[C@H]2C=Cc3c(cc(nc3[C@@H]2O)C(=O)O[C@@H](C)[C@H]2NC(=O)c3csc(n3)[C@@H](NC(=O)[C@H]3CSC(=N3)/C(=C/C)NC(=O)[C@@H](NC(=O)c3csc(n3)[C@]3(CCC(=N[C@@H]3c3csc2n3)c2nc(cs2)C(=O)NC(=C)C(=O)NC(=C)C(=O)N)NC(=O)[C@@H](C)NC(=O)C(=C)NC(=O)[C@@H](C)NC1=O)[C@@H](C)O)C(C)(O)[C@@H](C)O)[C@@H](C)O,BRD-A20697603,CC1=C(C(=O)NC2=NC3=CC(Cl)=C(Cl)C=C3N2C)N=C(C(=O)O)S1,0.5056584362139918,CC1(C)S[C@@H]2[C@H](NC(=O)COc3ccccc3)C(=O)N2[C@H]1C(=O)O.CN(C)[C@@H]1C(O)=C(C(=O)NCN2CCN(CCO)CC2)C(=O)[C@@]2(O)C(O)=C3C(=O)c4c(O)cccc4[C@@](C)(O)[C@H]3C[C@@H]12,PENIMEPICYCLINE,CC1=C(C(=O)NC2=NC3=CC(Cl)=C(Cl)C=C3N2C)N=C(C(=O)O)S1,PV-008449124489,S,0.7507053399085999,0.0236951968021644,,76,4
CC1=C(C(=O)O)SC(N2CCN(C3=CC=C(C(F)(F)F)C=C3)C(C)C2)=N1,0.42409158785465406,CC[C@@H](C)[C@H]1N[C@H]2C=Cc3c(cc(nc3[C@@H]2O)C(=O)O[C@@H](C)[C@H]2NC(=O)c3csc(n3)[C@@H](NC(=O)[C@H]3CSC(=N3)/C(=C/C)NC(=O)[C@@H](NC(=O)c3csc(n3)[C@]3(CCC(=N[C@@H]3c3csc2n3)c2nc(cs2)C(=O)NC(=C)C(=O)NC(=C)C(=O)N)NC(=O)[C@@H](C)NC(=O)C(=C)NC(=O)[C@@H](C)NC1=O)[C@@H](C)O)C(C)(O)[C@@H](C)O)[C@@H](C)O,BRD-A20697603,CC1=C(C(=O)O)SC(N2CCN(C3=CC=C(C(F)(F)F)C=C3)C(C)C2)=N1,0.4157488986784141,Cc1c(N)nc([C@H](CC(N)=O)NC[C@H](N)C(N)=O)nc1C(=O)N[C@H](C(=O)N[C@H](CCO)[C@@H](O)[C@H](C)C(=O)N[C@H](C(=O)NCCC1=N[C@@H](c2nc(C(=O)NCCCC(=N)N)cs2)CS1)C(C)(C)O)C(C)O[C@@H]1O[C@@H](C)[C@@H](O)[C@@H](O)[C@@H]1O[C@H]1O[C@H](CO)[C@@H](O)[C@@H](OC(N)=O)[C@@H]1O,ZORBAMYCIN,CC1=C(C(=O)O)SC(N2CCN(C3=CC=C(C(F)(F)F)C=C3)C(C)C2)=N1,PV-007059450185,S,0.7835491889715195,0.0337389889898594,,77,8
CC1=C(C(=O)O)SC2=NC=NC(N3CCN(C4=CC=C(O)C(F)=C4)CC3)=C12,0.5795454545454546,CC[C@@H](C)[C@H]1N[C@H]2C=Cc3c(cc(nc3[C@@H]2O)C(=O)O[C@@H](C)[C@H]2NC(=O)c3csc(n3)[C@@H](NC(=O)[C@H]3CSC(=N3)/C(=C/C)NC(=O)[C@@H](NC(=O)c3csc(n3)[C@]3(CCC(=N[C@@H]3c3csc2n3)c2nc(cs2)C(=O)NC(=C)C(=O)NC(=C)C(=O)N)NC(=O)[C@@H](C)NC(=O)C(=C)NC(=O)[C@@H](C)NC1=O)[C@@H](C)O)C(C)(O)[C@@H](C)O)[C@@H](C)O,BRD-A20697603,CC1=C(C(=O)O)SC2=NC=NC(N3CCN(C4=CC=C(O)C(F)=C4)CC3)=C12,0.569549822964087,CO[C@H]1/C=C/O[C@@]2(C)Oc3c(C)c(O)c4c(=O)c(c5oc6cc(N7CCN(CC(C)C)CC7)cc(O)c6nc-5c4c3C2=O)NC(=O)/C(C)=C\C=C\[C@H](C)[C@H](O)[C@@H](C)[C@@H](O)[C@@H](C)[C@H](OC(C)=O)[C@@H]1C,RIFALAZIL,CC1=C(C(=O)O)SC2=NC=NC(N3CCN(C4=CC=C(O)C(F)=C4)CC3)=C12,Z5370393650,M,0.7915386372804641,0.0166656044080206,,78,8
CN1C(N)=NC2=CC(C(=O)O)=CC(C3=CC(F)=C(O)C(Cl)=C3)=C21,0.5327683615819209,Cc1c-2c(nn1C)CSCc1cc(n(n1)C)CSc1cc(c3ccccc3c1)OCCCc1c(n(c3c2c(ccc13)Cl)C)C(=O)O,BRD-K00005264,CN1C(N)=NC2=CC(C(=O)O)=CC(C3=CC(F)=C(O)C(Cl)=C3)=C21,0.5234215885947047,CO[C@H]1/C=C/O[C@@]2(C)Oc3c(C)c(O)c4c(=O)c(c5oc6cc(N7CCN(CC(C)C)CC7)cc(O)c6nc-5c4c3C2=O)NC(=O)/C(C)=C\C=C\[C@H](C)[C@H](O)[C@@H](C)[C@@H](O)[C@@H](C)[C@H](OC(C)=O)[C@@H]1C,RIFALAZIL,CN1C(N)=NC2=CC(C(=O)O)=CC(C3=CC(F)=C(O)C(Cl)=C3)=C21,PV-007154052431,S,0.7002929174900054,0.0247963700921476,,79,17
NC(=O)C1=CC=C(C2=NC(C3=CC(Cl)=C(Cl)S3)=NO2)O1,0.4858420268256334,CC[C@@H](C)[C@H]1N[C@H]2C=Cc3c(cc(nc3[C@@H]2O)C(=O)O[C@@H](C)[C@H]2NC(=O)c3csc(n3)[C@@H](NC(=O)[C@H]3CSC(=N3)/C(=C/C)NC(=O)[C@@H](NC(=O)c3csc(n3)[C@]3(CCC(=N[C@@H]3c3csc2n3)c2nc(cs2)C(=O)NC(=C)C(=O)NC(=C)C(=O)N)NC(=O)[C@@H](C)NC(=O)C(=C)NC(=O)[C@@H](C)NC1=O)[C@@H](C)O)C(C)(O)[C@@H](C)O)[C@@H](C)O,BRD-A20697603,NC(=O)C1=CC=C(C2=NC(C3=CC(Cl)=C(Cl)S3)=NO2)O1,0.4831756046267087,CC(=O)N[C@@H]1[C@H](OC2c3ccc(c(Cl)c3)Oc3cc4cc(c3O[C@@H]3O[C@@H](CO)[C@@H](O)[C@H](O)[C@@H]3NC(=O)CCCCCCC(C)C)Oc3ccc(cc3Cl)C(O)C3NC(=O)C(N)c5ccc(O)c(c5)Oc5cc(O)cc(c5)C(NC3=O)C(=O)NC4C(=O)NC3C(=O)NC2C(=O)N[C@@H](C(=O)O)c2cc(O)cc(O[C@H]4O[C@H](CO)[C@@H](O)[C@@H](O)[C@@H]4O)c2-c2cc3ccc2O)O[C@@H](CO)[C@@H](O)[C@@H]1O,,NC(=O)C1=CC=C(C2=NC(C3=CC(Cl)=C(Cl)S3)=NO2)O1,PV-003425055652,M,0.7304361099004746,0.0386846550613716,,80,5
NC1=NC(NCC2CCN(C3=CC=C(Cl)C=C3F)C2)=C(Cl)N=C1C(=O)O,0.457089552238806,N[C@@H]1CN(CC21CC2)c1c(cc2c(c1Cl)N(C=C(C(=O)O)C2=O)[C@@H]1C[C@@H]1F)F,BRD-K10836013,NC1=NC(NCC2CCN(C3=CC=C(Cl)C=C3F)C2)=C(Cl)N=C1C(=O)O,0.4467548834278513,N[C@H]1[C@@H]2CN(c3nc4c(cc3F)c(=O)c(C(=O)O)cn4-c3ccc(F)cc3F)C[C@H]12,TROVAFLOXACIN,NC1=NC(NCC2CCN(C3=CC=C(Cl)C=C3F)C2)=C(Cl)N=C1C(=O)O,PV-007635077936,S,0.7857175600528717,0.018861627584225,,81,7
O=C(O)C1(F)CN(C2=CC=NC3=CC=C(C(F)(F)F)C=C23)CC1C1CC1,0.5069623517276947,COCCOC(=O)N1C(=O)[C@@]2([C@H]([C@H]3N([C@@H]([C@@H](OC3=O)c3ccccc3)c3ccccc3)[C@H]2c2ccc(cc2)OCCO)C(=O)N2CCCCCCC2)c2cc(ccc21)C#CC1(O)CCCCCC1,BRD-K72219455,O=C(O)C1(F)CN(C2=CC=NC3=CC=C(C(F)(F)F)C=C23)CC1C1CC1,0.5064377682403434,O=C(O)c1cn(C2CC2)c2cc(N3CCC(O)(COc4ccc(N5C[C@H](CO)OC5=O)cc4F)CC3)c(F)cc2c1=O,CADAZOLID,O=C(O)C1(F)CN(C2=CC=NC3=CC=C(C(F)(F)F)C=C23)CC1C1CC1,PV-006806815695,M,0.8325460124015808,0.0319736279422137,,82,10
O=C(NC1=NC2=NC=CN=C2S1)C1=CC(O)=CC(Cl)=C1Cl,0.46702923181509176,CCCCCCO[C@@H](C)c1cccc(c1OC)-c1csc(n1)NC(=O)c1cc(c(c(c1)Cl)/C=C(\C)C(=O)O)Cl,BRD-K93228461,O=C(NC1=NC2=NC=CN=C2S1)C1=CC(O)=CC(Cl)=C1Cl,0.4375639713408393,CN(C)[C@@H]1C(O)=C(C(=O)NCN[C@@H](C(=O)N[C@@H]2C(=O)N3[C@@H](C(=O)O)C(C)(C)S[C@H]23)c2ccccc2)C(=O)[C@@]2(O)C(O)=C3C(=O)c4c(O)cccc4[C@@](C)(O)[C@H]3C[C@@H]12,PENIMOCYCLINE,O=C(NC1=NC2=NC=CN=C2S1)C1=CC(O)=CC(Cl)=C1Cl,PV-004177986289,M,0.7123866659402848,0.0136822765963251,,83,19
O=C(O)C1=CN=C(O)C2=C1CN(C1=CC=NC3=CC=C(C(F)(F)F)C=C13)CC2,0.5763888888888888,CC[C@@H](C)[C@H]1N[C@H]2C=Cc3c(cc(nc3[C@@H]2O)C(=O)O[C@@H](C)[C@H]2NC(=O)c3csc(n3)[C@@H](NC(=O)[C@H]3CSC(=N3)/C(=C/C)NC(=O)[C@@H](NC(=O)c3csc(n3)[C@]3(CCC(=N[C@@H]3c3csc2n3)c2nc(cs2)C(=O)NC(=C)C(=O)NC(=C)C(=O)N)NC(=O)[C@@H](C)NC(=O)C(=C)NC(=O)[C@@H](C)NC1=O)[C@@H](C)O)C(C)(O)[C@@H](C)O)[C@@H](C)O,BRD-A20697603,O=C(O)C1=CN=C(O)C2=C1CN(C1=CC=NC3=CC=C(C(F)(F)F)C=C13)CC2,0.5694656488549619,CO[C@H]1/C=C/O[C@@]2(C)Oc3c(C)c(O)c4c(=O)c(c5oc6cc(N7CCN(CC(C)C)CC7)cc(O)c6nc-5c4c3C2=O)NC(=O)/C(C)=C\C=C\[C@H](C)[C@H](O)[C@@H](C)[C@@H](O)[C@@H](C)[C@H](OC(C)=O)[C@@H]1C,RIFALAZIL,O=C(O)C1=CN=C(O)C2=C1CN(C1=CC=NC3=CC=C(C(F)(F)F)C=C13)CC2,PV-006832601487,M,0.7019097530841827,0.0303464719992624,,84,10
CC1=C(Cl)C=CC2=CC=C(N(C)CC3=NN=C(C(=O)O)S3)N=C12,0.43730308758664144,Cn1cc(cn1)-c1[nH]c2cc(cc3c2c1C=NNC3=O)NC(=O)[C@H](N)C1CCCCC1,BRD-K03063480,CC1=C(Cl)C=CC2=CC=C(N(C)CC3=NN=C(C(=O)O)S3)N=C12,0.4332480818414322,CO[C@H]1/C=C/O[C@@]2(C)Oc3c(C)c(O)c4c(=O)c(c5oc6cc(N7CCN(CC(C)C)CC7)cc(O)c6nc-5c4c3C2=O)NC(=O)/C(C)=C\C=C\[C@H](C)[C@H](O)[C@@H](C)[C@@H](O)[C@@H](C)[C@H](OC(C)=O)[C@@H]1C,RIFALAZIL,CC1=C(Cl)C=CC2=CC=C(N(C)CC3=NN=C(C(=O)O)S3)N=C12,PV-006992309340,S,0.7187240082025528,0.0369577170555646,,85,1
O=C(O)C1=CN=C2C(C3=CC=C(C(F)(F)F)C=C3O)=CN=CC2=C1O,0.5166240409207161,CCCCCCCCCCOc1cc2c(O)c(C(=O)OCC)cnc2cc1OCC,DECOQUINATE [5mM],O=C(O)C1=CN=C2C(C3=CC=C(C(F)(F)F)C=C3O)=CN=CC2=C1O,0.5051679586563308,C[C@H]1NCc2cc(-c3ccc4c(=O)c(C(=O)O)cn(C5CC5)c4c3OC(F)F)ccc21,GARENOXACIN,O=C(O)C1=CN=C2C(C3=CC=C(C(F)(F)F)C=C3O)=CN=CC2=C1O,PV-006795439338,S,0.7075098609924316,0.0272414578993553,,86,3
"O=C(O)C1=C2SC(N[C@@H]3C[C@H]3C3=CC(C(F)(F)F)=CC=C3)=NN2C=N1 |&1:8,10|",0.5441906653426017,CC[C@@H](C)[C@H]1N[C@H]2C=Cc3c(cc(nc3[C@@H]2O)C(=O)O[C@@H](C)[C@H]2NC(=O)c3csc(n3)[C@@H](NC(=O)[C@H]3CSC(=N3)/C(=C/C)NC(=O)[C@@H](NC(=O)c3csc(n3)[C@]3(CCC(=N[C@@H]3c3csc2n3)c2nc(cs2)C(=O)NC(=C)C(=O)NC(=C)C(=O)N)NC(=O)[C@@H](C)NC(=O)C(=C)NC(=O)[C@@H](C)NC1=O)[C@@H](C)O)C(C)(O)[C@@H](C)O)[C@@H](C)O,BRD-A20697603,"O=C(O)C1=C2SC(N[C@@H]3C[C@H]3C3=CC(C(F)(F)F)=CC=C3)=NN2C=N1 |&1:8,10|",0.5275113579000504,CNC(=O)C[C@@H]1NC(=O)c2csc(n2)-c2ccc(-c3nc(C4=N[C@H](C(=O)N5CCC[C@H]5C(N)=O)CO4)cs3)nc2-c2csc(n2)-c2csc(n2)C(C(O)c2ccccc2)NC(=O)CNC(=O)c2nc(sc2COC)[C@H](C(C)C)NC(=O)c2nc1sc2C,,"O=C(O)C1=C2SC(N[C@@H]3C[C@H]3C3=CC(C(F)(F)F)=CC=C3)=NN2C=N1 |&1:8,10|",PV-007054936502,M,0.7247845983505249,0.0374207043606608,,87,0
CC1=CC=C2N=CC=C(N3CCN(C4=CC=C(F)C(C(=O)O)=C4)CC3)C2=C1F,0.5066771406127258,CCn1cc(C(=O)O)c(=O)c2cc(F)c(N3CCNCC3)cc21,NORFLOXACIN,CC1=CC=C2N=CC=C(N3CCN(C4=CC=C(F)C(C(=O)O)=C4)CC3)C2=C1F,0.5111265646731572,Cc1c(F)c(N2CCNC(C)C2)cc2c1c(=O)c(C(=O)O)cn2C1CC1,GREPAFLOXACIN,CC1=CC=C2N=CC=C(N3CCN(C4=CC=C(F)C(C(=O)O)=C4)CC3)C2=C1F,PV-007058072081,M,0.7688995826244355,,0.0368784017546346,88,11
CC1=CC=C2C(N3CCN(C4=CC=C(F)C(C(=O)O)=C4)CC3)=CC=NC2=N1,0.441588785046729,CCn1cc(C(=O)O)c(=O)c2cc(F)c(N3CCNCC3)cc21,NORFLOXACIN,CC1=CC=C2C(N3CCN(C4=CC=C(F)C(C(=O)O)=C4)CC3)=CC=NC2=N1,0.4614850798056905,Cc1c(F)c(N2CCNC(C)C2)cc2c1c(=O)c(C(=O)O)cn2C1CC1,GREPAFLOXACIN,CC1=CC=C2C(N3CCN(C4=CC=C(F)C(C(=O)O)=C4)CC3)=CC=NC2=N1,PV-007150411677,M,0.733468913435936,,0.0418599971333429,89,8
CC1=CC=C(C(=O)O)C(N2CCN(C3=CC=C(O)C(F)=C3)CC2)=N1,0.45408532176428057,CCn1cc(C(=O)O)c(=O)c2cc(F)c(N3CCNCC3)nc21,ENOXACIN,CC1=CC=C(C(=O)O)C(N2CCN(C3=CC=C(O)C(F)=C3)CC2)=N1,0.45408532176428057,CCn1cc(C(=O)O)c(=O)c2cc(F)c(N3CCNCC3)nc21,ENOXACIN,CC1=CC=C(C(=O)O)C(N2CCN(C3=CC=C(O)C(F)=C3)CC2)=N1,Z5370393634,M,0.7653333190083503,,0.0318003034409291,90,13
O=C(O)C1=CC(N2CCN(C3=CC(Cl)=CC=C3O)CC2)=NC=C1Cl,0.4574934268185802,CC1=CC=C(CN2CCN(CC2=O)C2=CC=C(Cl)C(=N2)C(O)=O)C=C1,MP54,O=C(O)C1=CC(N2CCN(C3=CC(Cl)=CC=C3O)CC2)=NC=C1Cl,0.3997524752475248,COc1c(N2C[C@@H]3CCCN[C@@H]3C2)c(F)cc2c(=O)c(C(=O)O)cn(C3CC3)c12,MOXIFLOXACIN,O=C(O)C1=CC(N2CCN(C3=CC(Cl)=CC=C3O)CC2)=NC=C1Cl,Z4098760647,M,0.7870047724246979,,0.017343069882215,91,13
CC1(C2=CC=C(C(F)(F)F)C=C2)CCN(C2=NN3C=NC(C(=O)O)=C3S2)C1,0.5849430411094602,CC[C@@H](C)[C@H]1N[C@H]2C=Cc3c(cc(nc3[C@@H]2O)C(=O)O[C@@H](C)[C@H]2NC(=O)c3csc(n3)[C@@H](NC(=O)[C@H]3CSC(=N3)/C(=C/C)NC(=O)[C@@H](NC(=O)c3csc(n3)[C@]3(CCC(=N[C@@H]3c3csc2n3)c2nc(cs2)C(=O)NC(=C)C(=O)NC(=C)C(=O)N)NC(=O)[C@@H](C)NC(=O)C(=C)NC(=O)[C@@H](C)NC1=O)[C@@H](C)O)C(C)(O)[C@@H](C)O)[C@@H](C)O,BRD-A20697603,CC1(C2=CC=C(C(F)(F)F)C=C2)CCN(C2=NN3C=NC(C(=O)O)=C3S2)C1,0.5689828801611279,CNC(=O)C[C@@H]1NC(=O)c2csc(n2)-c2ccc(-c3nc(C4=N[C@H](C(=O)N5CCC[C@H]5C(N)=O)CO4)cs3)nc2-c2csc(n2)-c2csc(n2)C(C(O)c2ccccc2)NC(=O)CNC(=O)c2nc(sc2COC)[C@H](C(C)C)NC(=O)c2nc1sc2C,,CC1(C2=CC=C(C(F)(F)F)C=C2)CCN(C2=NN3C=NC(C(=O)O)=C3S2)C1,PV-007821179537,M,0.8067274498939514,,0.0254949472173927,92,2
O=C(O)C1=C2SC(NCC3=CC=C(C4CC4)C(F)=C3)=NN2C=N1,0.5131644311972181,CC[C@@H](C)[C@H]1N[C@H]2C=Cc3c(cc(nc3[C@@H]2O)C(=O)O[C@@H](C)[C@H]2NC(=O)c3csc(n3)[C@@H](NC(=O)[C@H]3CSC(=N3)/C(=C/C)NC(=O)[C@@H](NC(=O)c3csc(n3)[C@]3(CCC(=N[C@@H]3c3csc2n3)c2nc(cs2)C(=O)NC(=C)C(=O)NC(=C)C(=O)N)NC(=O)[C@@H](C)NC(=O)C(=C)NC(=O)[C@@H](C)NC1=O)[C@@H](C)O)C(C)(O)[C@@H](C)O)[C@@H](C)O,BRD-A20697603,O=C(O)C1=C2SC(NCC3=CC=C(C4CC4)C(F)=C3)=NN2C=N1,0.4969574036511156,CO[C@H]1/C=C/O[C@@]2(C)Oc3c(C)c(O)c4c(=O)c(c5oc6cc(N7CCN(CC(C)C)CC7)cc(O)c6nc-5c4c3C2=O)NC(=O)/C(C)=C\C=C\[C@H](C)[C@H](O)[C@@H](C)[C@@H](O)[C@@H](C)[C@H](OC(C)=O)[C@@H]1C,RIFALAZIL,O=C(O)C1=C2SC(NCC3=CC=C(C4CC4)C(F)=C3)=NN2C=N1,Z5592185421,M,0.7509878140687942,,0.0348812511736801,93,0
CC1=C(C(=O)N2CCOC3=C2C=C(Cl)C(Cl)=C3)N=C(C(=O)O)S1,0.5930521091811415,CC[C@@H](C)[C@H]1N[C@H]2C=Cc3c(cc(nc3[C@@H]2O)C(=O)O[C@@H](C)[C@H]2NC(=O)c3csc(n3)[C@@H](NC(=O)[C@H]3CSC(=N3)/C(=C/C)NC(=O)[C@@H](NC(=O)c3csc(n3)[C@]3(CCC(=N[C@@H]3c3csc2n3)c2nc(cs2)C(=O)NC(=C)C(=O)NC(=C)C(=O)N)NC(=O)[C@@H](C)NC(=O)C(=C)NC(=O)[C@@H](C)NC1=O)[C@@H](C)O)C(C)(O)[C@@H](C)O)[C@@H](C)O,BRD-A20697603,CC1=C(C(=O)N2CCOC3=C2C=C(Cl)C(Cl)=C3)N=C(C(=O)O)S1,0.5771947527749748,CNC(=O)C[C@@H]1NC(=O)c2csc(n2)-c2ccc(-c3nc(C4=N[C@H](C(=O)N5CCC[C@H]5C(N)=O)CO4)cs3)nc2-c2csc(n2)-c2csc(n2)C(C(O)c2ccccc2)NC(=O)CNC(=O)c2nc(sc2COC)[C@H](C(C)C)NC(=O)c2nc1sc2C,,CC1=C(C(=O)N2CCOC3=C2C=C(Cl)C(Cl)=C3)N=C(C(=O)O)S1,PV-007481856002,M,0.7169977080821991,,0.0266817584856707,94,4
CN(C)C1=NC=C(C2=C(F)C=C3C(=O)C=C(C(=O)O)OC3=C2)C=C1Cl,0.5037147102526003,CC[C@@H](C)[C@H]1N[C@H]2C=Cc3c(cc(nc3[C@@H]2O)C(=O)O[C@@H](C)[C@H]2NC(=O)c3csc(n3)[C@@H](NC(=O)[C@H]3CSC(=N3)/C(=C/C)NC(=O)[C@@H](NC(=O)c3csc(n3)[C@]3(CCC(=N[C@@H]3c3csc2n3)c2nc(cs2)C(=O)NC(=C)C(=O)NC(=C)C(=O)N)NC(=O)[C@@H](C)NC(=O)C(=C)NC(=O)[C@@H](C)NC1=O)[C@@H](C)O)C(C)(O)[C@@H](C)O)[C@@H](C)O,BRD-A20697603,CN(C)C1=NC=C(C2=C(F)C=C3C(=O)C=C(C(=O)O)OC3=C2)C=C1Cl,0.5033214103219213,CO[C@H]1/C=C/O[C@@]2(C)Oc3c(C)c(O)c4c(=O)c(c5oc6cc(N7CCN(CC(C)C)CC7)cc(O)c6nc-5c4c3C2=O)NC(=O)/C(C)=C\C=C\[C@H](C)[C@H](O)[C@@H](C)[C@@H](O)[C@@H](C)[C@H](OC(C)=O)[C@@H]1C,RIFALAZIL,CN(C)C1=NC=C(C2=C(F)C=C3C(=O)C=C(C(=O)O)OC3=C2)C=C1Cl,PV-005005494033,M,0.7673132604360581,,0.021807465370202,95,3
O=C(O)C1=CC2=C(N3CCN(C4=CC(F)=C(O)C(F)=C4)CC3)N=CN=C2N1,0.4663032705649158,CC[C@@H](C)[C@H]1N[C@H]2C=Cc3c(cc(nc3[C@@H]2O)C(=O)O[C@@H](C)[C@H]2NC(=O)c3csc(n3)[C@@H](NC(=O)[C@H]3CSC(=N3)/C(=C/C)NC(=O)[C@@H](NC(=O)c3csc(n3)[C@]3(CCC(=N[C@@H]3c3csc2n3)c2nc(cs2)C(=O)NC(=C)C(=O)NC(=C)C(=O)N)NC(=O)[C@@H](C)NC(=O)C(=C)NC(=O)[C@@H](C)NC1=O)[C@@H](C)O)C(C)(O)[C@@H](C)O)[C@@H](C)O,BRD-A20697603,O=C(O)C1=CC2=C(N3CCN(C4=CC(F)=C(O)C(F)=C4)CC3)N=CN=C2N1,0.46322778345250254,CO[C@H]1/C=C/O[C@@]2(C)Oc3c(C)c(O)c4c(=O)c(c5oc6cc(N7CCN(CC(C)C)CC7)cc(O)c6nc-5c4c3C2=O)NC(=O)/C(C)=C\C=C\[C@H](C)[C@H](O)[C@@H](C)[C@@H](O)[C@@H](C)[C@H](OC(C)=O)[C@@H]1C,RIFALAZIL,O=C(O)C1=CC2=C(N3CCN(C4=CC(F)=C(O)C(F)=C4)CC3)N=CN=C2N1,PV-007001428241,M,0.7426935791969299,,0.0301922080366338,96,8
O=C(O)C1=C2SC(N(CC3=CC=C(Cl)C(Cl)=C3)C3CC3)=NN2C=N1,0.571570084200099,CC[C@@H](C)[C@H]1N[C@H]2C=Cc3c(cc(nc3[C@@H]2O)C(=O)O[C@@H](C)[C@H]2NC(=O)c3csc(n3)[C@@H](NC(=O)[C@H]3CSC(=N3)/C(=C/C)NC(=O)[C@@H](NC(=O)c3csc(n3)[C@]3(CCC(=N[C@@H]3c3csc2n3)c2nc(cs2)C(=O)NC(=C)C(=O)NC(=C)C(=O)N)NC(=O)[C@@H](C)NC(=O)C(=C)NC(=O)[C@@H](C)NC1=O)[C@@H](C)O)C(C)(O)[C@@H](C)O)[C@@H](C)O,BRD-A20697603,O=C(O)C1=C2SC(N(CC3=CC=C(Cl)C(Cl)=C3)C3CC3)=NN2C=N1,0.5569556451612904,CNC(=O)C[C@@H]1NC(=O)c2csc(n2)-c2ccc(-c3nc(C4=N[C@H](C(=O)N5CCC[C@H]5C(N)=O)CO4)cs3)nc2-c2csc(n2)-c2csc(n2)C(C(O)c2ccccc2)NC(=O)CNC(=O)c2nc(sc2COC)[C@H](C(C)C)NC(=O)c2nc1sc2C,,O=C(O)C1=C2SC(N(CC3=CC=C(Cl)C(Cl)=C3)C3CC3)=NN2C=N1,PV-006908564630,M,0.8239594000577927,,0.0240281086786722,97,0
O=C(NC1=CN=CC(Br)=C1O)C1=CC(O)=CC(Cl)=C1Cl,0.5934627170582226,O=C(Nc1cc(Cl)cc(Cl)c1O)c1c(O)c(Cl)cc(Cl)c1Cl,OXYCLOZANIDE,O=C(NC1=CN=CC(Br)=C1O)C1=CC(O)=CC(Cl)=C1Cl,0.39575713240673005,CC(C)=CCC/C(C)=C/CC/C(C)=C/CN1C(=O)c2cccc(O)c2Nc2c(O)cc(O)cc21,DIAZEPINOMICIN,O=C(NC1=CN=CC(Br)=C1O)C1=CC(O)=CC(Cl)=C1Cl,PV-005690720568,M,0.7357218325138092,,0.0120825238859498,98,19
O=C(O)C1=CN=C(NC(=O)C2=NC3=CC(C(F)(F)F)=CC=C3S2)S1,0.4550422255340288,CC[C@@H](C)[C@H]1N[C@H]2C=Cc3c(cc(nc3[C@@H]2O)C(=O)O[C@@H](C)[C@H]2NC(=O)c3csc(n3)[C@@H](NC(=O)[C@H]3CSC(=N3)/C(=C/C)NC(=O)[C@@H](NC(=O)c3csc(n3)[C@]3(CCC(=N[C@@H]3c3csc2n3)c2nc(cs2)C(=O)NC(=C)C(=O)NC(=C)C(=O)N)NC(=O)[C@@H](C)NC(=O)C(=C)NC(=O)[C@@H](C)NC1=O)[C@@H](C)O)C(C)(O)[C@@H](C)O)[C@@H](C)O,BRD-A20697603,O=C(O)C1=CN=C(NC(=O)C2=NC3=CC(C(F)(F)F)=CC=C3S2)S1,0.4525230602278893,CCN(CC)c1nc2c(s1)c1c(O)c3c(O)c(C)c4c(c32)C(=O)[C@@](C)(O/C=C/[C@H](OC)[C@@H](C)[C@@H](OC(C)=O)[C@H](C)[C@H](O)[C@H](C)[C@@H](O)[C@@H](C)/C=C/C=C(/C)C(=O)N1)O4,RIFAMEXIL,O=C(O)C1=CN=C(NC(=O)C2=NC3=CC(C(F)(F)F)=CC=C3S2)S1,PV-008302058318,M,0.7084276962280274,,0.029824314073941,99,4
"CN(C)[C@@H]1CN(C2=CC(C(=O)O)=NC3=CC=CC(Br)=C23)C[C@H]1O |&1:3,21|",0.5361262902246509,OC(=O)C1=CN(C2CC2)c2c(cc(c(c2C#N)N2C[C@@H]3NCCO[C@H]3C2)F)C1=O,BRD-K98384930-001-02-9,"CN(C)[C@@H]1CN(C2=CC(C(=O)O)=NC3=CC=CC(Br)=C23)C[C@H]1O |&1:3,21|",0.5096618357487923,COc1c(N2C[C@@H]3CCCN[C@@H]3C2)c(F)cc2c(=O)c(C(=O)O)cn(C3CC3)c12,MOXIFLOXACIN,"CN(C)[C@@H]1CN(C2=CC(C(=O)O)=NC3=CC=CC(Br)=C23)C[C@H]1O |&1:3,21|",Z5014432827,S,0.7255659770965576,,0.0349806501164851,100,10
CC1=C(C(=O)O)SC(C(C)NC2CCN(C3=CC=C(F)C=C3F)CC2)=N1,0.447935921133703,N[C@@H]1CN(CC21CC2)c1c(cc2c(c1Cl)N(C=C(C(=O)O)C2=O)[C@@H]1C[C@@H]1F)F,BRD-K10836013,CC1=C(C(=O)O)SC(C(C)NC2CCN(C3=CC=C(F)C=C3F)CC2)=N1,0.44931362196409713,CNC(=O)C[C@@H]1NC(=O)c2csc(n2)-c2ccc(-c3nc(COC(=O)NCCCC(=O)O)cs3)nc2-c2csc(n2)-c2csc(n2)C(C(O)c2ccccc2)NC(=O)CNC(=O)c2nc(sc2COC)[C@H](C(C)C)NC(=O)c2nc1sc2C,,CC1=C(C(=O)O)SC(C(C)NC2CCN(C3=CC=C(F)C=C3F)CC2)=N1,Z4213417667,S,0.7420326101779938,,0.0304819760077894,101,7
O=C(O)C1=CC(C2=C(F)C3=C(OCO3)C(F)=C2)=CC(C(=O)O)=N1,0.43374197314652657,COC1=C(N)C(=O)c2nc(ccc2C1=O)-c1nc(c(c(c1N)-c1ccc(c(c1O)OC)OC)C)C(=O)O,BRD-K70366318,O=C(O)C1=CC(C2=C(F)C3=C(OCO3)C(F)=C2)=CC(C(=O)O)=N1,0.397757608115323,CN[C@H]1C(=O)N[C@@H]2Cc3ccc(cc3)Oc3cc4cc(c3O[C@@H]3O[C@H](C(=O)O)[C@@H](O)[C@H](O)[C@H]3NC(=O)CCCCCCCCC(C)C)Oc3ccc(cc3Cl)[C@@H](O)[C@@H]3NC(=O)[C@H](NC(=O)[C@@H]4NC(=O)[C@@H](NC2=O)c2cc(cc(O)c2Cl)Oc2cc1ccc2O)c1ccc(O)c(c1)-c1c(O[C@H]2O[C@H](CO)[C@@H](O)[C@H](O)[C@@H]2O)cc(O)cc1[C@@H](C(=O)NCCCN(C)C)NC3=O,DALBAVANCIN,O=C(O)C1=CC(C2=C(F)C3=C(OCO3)C(F)=C2)=CC(C(=O)O)=N1,PV-006919056601,M,0.7013680958747863,,0.0370787640420181,102,5
O=C(O)C1=CC=C(N2CCN(C3=CC(F)=C(O)C(F)=C3)CC2)N=N1,0.354978354978355,C/C(=C\c1ccccc1OCc1cn(nn1)CC(=O)N1CCN(CC1)c1ccccc1)/C=C/C(=O)NO,BRD-K15567463,O=C(O)C1=CC=C(N2CCN(C3=CC(F)=C(O)C(F)=C3)CC2)N=N1,0.35434083601286176,O=C(O)c1cn(C2CC2)c2cc(N3CCC(O)(COc4ccc(N5C[C@H](CO)OC5=O)cc4F)CC3)c(F)cc2c1=O,CADAZOLID,O=C(O)C1=CC=C(N2CCN(C3=CC(F)=C(O)C(F)=C3)CC2)N=N1,Z5370392860,M,0.723527057170868,,0.0365760853486335,103,9
"O=C(O)C1=CN2C=CN=C(N[C@@H]3C[C@H]3C3=CC(Cl)=CC(Cl)=C3)C2=N1 |&1:11,13|",0.4547713717693837,CC[C@@H](C)[C@H]1N[C@H]2C=Cc3c(cc(nc3[C@@H]2O)C(=O)O[C@@H](C)[C@H]2NC(=O)c3csc(n3)[C@@H](NC(=O)[C@H]3CSC(=N3)/C(=C/C)NC(=O)[C@@H](NC(=O)c3csc(n3)[C@]3(CCC(=N[C@@H]3c3csc2n3)c2nc(cs2)C(=O)NC(=C)C(=O)NC(=C)C(=O)N)NC(=O)[C@@H](C)NC(=O)C(=C)NC(=O)[C@@H](C)NC1=O)[C@@H](C)O)C(C)(O)[C@@H](C)O)[C@@H](C)O,BRD-A20697603,"O=C(O)C1=CN2C=CN=C(N[C@@H]3C[C@H]3C3=CC(Cl)=CC(Cl)=C3)C2=N1 |&1:11,13|",0.4530005310674456,CCCCCCCCCCNCCN[C@@]1(C)C[C@H](O[C@H]2[C@H](Oc3c4cc5cc3Oc3ccc(cc3Cl)[C@@H](O)[C@@H](NC(=O)[C@@H](CC(C)C)NC)C(=O)N[C@@H](CC(N)=O)C(=O)N[C@H]5C(=O)N[C@H]3C(=O)N[C@H](C(=O)N[C@H](C(=O)O)c5cc(O)c(CNCP(=O)(O)O)c(O)c5-c5cc3ccc5O)[C@H](O)c3ccc(c(Cl)c3)O4)O[C@H](CO)[C@@H](O)[C@@H]2O)O[C@@H](C)[C@H]1O,TELAVANCIN,"O=C(O)C1=CN2C=CN=C(N[C@@H]3C[C@H]3C3=CC(Cl)=CC(Cl)=C3)C2=N1 |&1:11,13|",PV-004862292215,M,0.7334642422199249,,0.0326191080577374,104,17
CC1=C(C(=O)O)OC(CN2CCN(C3=CC=C(O)C(F)=C3)CC2)=C1,0.39327296248382926,C[C@H]1COC2=C3N1C=C(C(=O)C3=CC(=C2N4CCN(CC4)C)F)C(=O)O,LEVOFLOXACIN,CC1=C(C(=O)O)OC(CN2CCN(C3=CC=C(O)C(F)=C3)CC2)=C1,0.39327296248382926,C[C@H]1COc2c(N3CCN(C)CC3)c(F)cc3c(=O)c(C(=O)O)cn1c23,LEVOFLOXACIN,CC1=C(C(=O)O)OC(CN2CCN(C3=CC=C(O)C(F)=C3)CC2)=C1,Z5370401984,M,0.7184880565106869,,0.0424032424665228,105,12
O=C(O)C1=C2SC(N3CC=C(C4=CC=CC(Cl)=C4F)CC3)=NN2C=N1,0.6060455896927651,CC[C@@H](C)[C@H]1N[C@H]2C=Cc3c(cc(nc3[C@@H]2O)C(=O)O[C@@H](C)[C@H]2NC(=O)c3csc(n3)[C@@H](NC(=O)[C@H]3CSC(=N3)/C(=C/C)NC(=O)[C@@H](NC(=O)c3csc(n3)[C@]3(CCC(=N[C@@H]3c3csc2n3)c2nc(cs2)C(=O)NC(=C)C(=O)NC(=C)C(=O)N)NC(=O)[C@@H](C)NC(=O)C(=C)NC(=O)[C@@H](C)NC1=O)[C@@H](C)O)C(C)(O)[C@@H](C)O)[C@@H](C)O,BRD-A20697603,O=C(O)C1=C2SC(N3CC=C(C4=CC=CC(Cl)=C4F)CC3)=NN2C=N1,0.5792896448224112,CNC(=O)C[C@@H]1NC(=O)c2csc(n2)-c2ccc(-c3nc(C4=N[C@H](C(=O)N5CCC[C@H]5C(N)=O)CO4)cs3)nc2-c2csc(n2)-c2csc(n2)C(C(O)c2ccccc2)NC(=O)CNC(=O)c2nc(sc2COC)[C@H](C(C)C)NC(=O)c2nc1sc2C,,O=C(O)C1=C2SC(N3CC=C(C4=CC=CC(Cl)=C4F)CC3)=NN2C=N1,PV-006909203979,M,0.7733760511875153,,0.0184684435398283,106,2
O=C(O)C1=CC2=C(C=N1)CN(C1=NC3=CC(C(F)(F)F)=CC=C3S1)C2,0.5154228855721393,CC[C@@H](C)[C@H]1N[C@H]2C=Cc3c(cc(nc3[C@@H]2O)C(=O)O[C@@H](C)[C@H]2NC(=O)c3csc(n3)[C@@H](NC(=O)[C@H]3CSC(=N3)/C(=C/C)NC(=O)[C@@H](NC(=O)c3csc(n3)[C@]3(CCC(=N[C@@H]3c3csc2n3)c2nc(cs2)C(=O)NC(=C)C(=O)NC(=C)C(=O)N)NC(=O)[C@@H](C)NC(=O)C(=C)NC(=O)[C@@H](C)NC1=O)[C@@H](C)O)C(C)(O)[C@@H](C)O)[C@@H](C)O,BRD-A20697603,O=C(O)C1=CC2=C(C=N1)CN(C1=NC3=CC(C(F)(F)F)=CC=C3S1)C2,0.5143631436314363,CCN(CC)c1nc2c(s1)c1c(O)c3c(O)c(C)c4c(c32)C(=O)[C@@](C)(O/C=C/[C@H](OC)[C@@H](C)[C@@H](OC(C)=O)[C@H](C)[C@H](O)[C@H](C)[C@@H](O)[C@@H](C)/C=C/C=C(/C)C(=O)N1)O4,RIFAMEXIL,O=C(O)C1=CC2=C(C=N1)CN(C1=NC3=CC(C(F)(F)F)=CC=C3S1)C2,PV-006864108019,M,0.7045959344506264,,0.0357694322790489,107,6
CN(C)C1=NC=C(C2=C(F)C3=NC(C(=O)O)=CC=C3C=C2)C=C1Cl,0.47725816784112746,COc1ccc2n(c(c(c2c1-c1ccccc1C)Br)C(=O)O)CCCOc1cccc2ccccc12,BRD-A00000991,CN(C)C1=NC=C(C2=C(F)C3=NC(C(=O)O)=CC=C3C=C2)C=C1Cl,0.506638714185884,CNc1ncc(-c2ccc3c(=O)c(C(=O)O)cn(C4CC4)c3c2C)cc1C,OZENOXACIN,CN(C)C1=NC=C(C2=C(F)C3=NC(C(=O)O)=CC=C3C=C2)C=C1Cl,PV-003228064765,M,0.7067376953363419,,0.0292853093974126,108,3
O=C(O)C1=NC=NN1C1CCN(C2=CC=NC3=CC=C(C(F)(F)F)C=C23)CC1,0.4915254237288136,CC1CCc2c(N3CCC(O)CC3)c(F)cc3c(=O)c(C(=O)O)cn1c23,NADIFLOXACIN,O=C(O)C1=NC=NN1C1CCN(C2=CC=NC3=CC=C(C(F)(F)F)C=C23)CC1,0.48860135551447936,O=C(O)c1cn(C2CC2)c2cc(N3CCC(O)(COc4ccc(N5C[C@H](CO)OC5=O)cc4F)CC3)c(F)cc2c1=O,CADAZOLID,O=C(O)C1=NC=NN1C1CCN(C2=CC=NC3=CC=C(C(F)(F)F)C=C23)CC1,Z5182563500,M,0.8172553378343582,,0.0243295573273476,109,10
CCN1C=C(C(=O)O)C(NC(=O)C2=CN(C3CC3)C(C)=C(Br)C2=O)=N1,0.602267126663381,CC[C@@H](C)[C@H]1N[C@H]2C=Cc3c(cc(nc3[C@@H]2O)C(=O)O[C@@H](C)[C@H]2NC(=O)c3csc(n3)[C@@H](NC(=O)[C@H]3CSC(=N3)/C(=C/C)NC(=O)[C@@H](NC(=O)c3csc(n3)[C@]3(CCC(=N[C@@H]3c3csc2n3)c2nc(cs2)C(=O)NC(=C)C(=O)NC(=C)C(=O)N)NC(=O)[C@@H](C)NC(=O)C(=C)NC(=O)[C@@H](C)NC1=O)[C@@H](C)O)C(C)(O)[C@@H](C)O)[C@@H](C)O,BRD-A20697603,CCN1C=C(C(=O)O)C(NC(=O)C2=CN(C3CC3)C(C)=C(Br)C2=O)=N1,0.5930583501006036,CNC(=O)C[C@@H]1NC(=O)c2csc(n2)-c2ccc(-c3nc(C4=N[C@H](C(=O)N5CCC[C@H]5C(N)=O)CO4)cs3)nc2-c2csc(n2)-c2csc(n2)C(C(O)c2ccccc2)NC(=O)CNC(=O)c2nc(sc2COC)[C@H](C(C)C)NC(=O)c2nc1sc2C,,CCN1C=C(C(=O)O)C(NC(=O)C2=CN(C3CC3)C(C)=C(Br)C2=O)=N1,PV-008718303681,S,0.756077474951744,,0.0426925574701949,110,5
CC1=C(C(=O)O)SC(NC(=O)C2=CC(O)=CC(Cl)=C2Cl)=N1,0.4644595910418695,[O-][N+](=O)c1cnc(s1)NC(=O)c1cccc(c1)Cl,BRD-K92141162-001-01-8,CC1=C(C(=O)O)SC(NC(=O)C2=CC(O)=CC(Cl)=C2Cl)=N1,0.43671607753705816,CC(C)(O/N=C(\C(=O)N[C@@H]1C(=O)N2C(C(=O)[O-])=C(C[N+]3(CCNC(=O)c4ccc(O)c(O)c4Cl)CCCC3)CS[C@H]12)c1csc(N)n1)C(=O)O,CEFIDEROCOL,CC1=C(C(=O)O)SC(NC(=O)C2=CC(O)=CC(Cl)=C2Cl)=N1,PV-008530740223,M,0.7159055745601655,,0.0204412067434341,111,19
CC1=CC(C(=O)O)=NN=C1N1CCN(C2=CC=C(Cl)C(Cl)=C2)CC1,0.3791748526522593,Cl.NC1CCN(c2c(F)cc3c(=O)c(C(=O)O)cn(C4CC4)c3c2Cl)C1,CLINAFOXACIN HYDROCHLORIDE,CC1=CC(C(=O)O)=NN=C1N1CCN(C2=CC=C(Cl)C(Cl)=C2)CC1,0.37922077922077924,N[C@@H]1CCCCN(c2c(F)cc3c(=O)c(C(=O)O)cn(C4CC4)c3c2Cl)C1,BESIFLOXACIN,CC1=CC(C(=O)O)=NN=C1N1CCN(C2=CC=C(Cl)C(Cl)=C2)CC1,PV-006736327629,M,0.7031113189458847,,0.0399801375455157,112,9
