SMILES,tanimoto similarity to closest train set,closest train set smiles,closest train set name,tanimoto similarity to closest abx,closest abx smiles,closest abx name,Database,hit,hit_epi_unc,row_num,cluster
NC(=S)SSC(N)=S,0.4831460674157303,CN(C)C(=S)SSC(=S)N(C)C,THIRAM,0.0416666666666666,CCCCCCCCCCCCCC[N+](C)(C)C,CETRIMIDE,MolPort,0.9997392559051512,2.580248569637433e-06,0,19
Cl.[O-][N+](=O)C1=CC=C(O1)C(=O)NC1=NC=CS1,0.3769931662870159,O=C(NN=Cc1ccc([N+](=O)[O-])o1)c1ccc(O)cc1,NIFUROXAZIDE,0.3780607247796278,O=C(N/N=C/C=C/c1ccc([N+](=O)[O-])o1)c1ccc([N+](=O)[O-])s1,NIFURZIDE,MolPort,0.995742199420929,0.0001642607834649,1,25
NC(C1=CC=C([N+]([O-])=O)O1)=O,0.4730983302411873,NC(=O)NN=Cc1ccc([N+](=O)[O-])o1,NITROFURAZONE,0.4730983302411873,NC(=O)N/N=C/c1ccc([N+](=O)[O-])o1,NITROFURAZONE,MayBridge,0.9956791162490845,0.0001593813555041,2,23
NC(=O)c1ccc([N+](=O)[O-])o1,0.4730983302411873,NC(=O)NN=Cc1ccc([N+](=O)[O-])o1,NITROFURAZONE,0.4730983302411873,NC(=O)N/N=C/c1ccc([N+](=O)[O-])o1,NITROFURAZONE,ChemBridge Core,0.9956791162490845,0.0001593813555041,3,23
NC(=O)C1=CC=C(O1)[N+]([O-])=O,0.4730983302411873,NC(=O)NN=Cc1ccc([N+](=O)[O-])o1,NITROFURAZONE,0.4730983302411873,NC(=O)N/N=C/c1ccc([N+](=O)[O-])o1,NITROFURAZONE,MolPort,0.9956791162490845,0.0001593813555041,4,23
CCN(CC)C(=S)S[Na],0.3860759493670886,NSC(=S)N1CCCC1,BRD-K84919712,0.15,CCCCCCCCCCCCCCCC[N+](C)(C)CC,MECETRONIUM,MolPort,0.9935275912284852,0.0004852205132512,5,19
[O-][N+](=O)C1=CC=C(O1)C(=O)NC1=C(C=CC=C1)[N+]([O-])=O,0.4619718309859155,O=C(Nc1ccccc1)c1ccco1,BRD-K01292099,0.3827977315689981,O=C(N/N=C/C=C/c1ccc([N+](=O)[O-])o1)c1ccc([N+](=O)[O-])s1,NIFURZIDE,MolPort,0.9912913191318512,0.0004353913470191,6,2
CC1=NC(=NC(=C1)C(O)=O)N1CCN(CC1)C1=CC=CC=C1F,0.4145077720207253,CCN1CCN(CC1)C1=NC(=O)C=C(C)N1,BRD-K48333701,0.3754180602006689,CCN1CC(C(=O)O)C(=O)c2cc(F)c(N3CCNCC3)cc21,,MolPort,0.9897496998310088,0.0007997369908391,7,43
[O-][N+](=O)C1=CC=C(O1)C(=O)NC1=NN=CS1,0.3748571428571428,O=C(NN=Cc1ccc([N+](=O)[O-])o1)c1ccc(O)cc1,NIFUROXAZIDE,0.3762278978388998,O=C(N/N=C/C=C/c1ccc([N+](=O)[O-])o1)c1ccc([N+](=O)[O-])s1,NIFURZIDE,MolPort,0.9885877466201782,0.0014846728808082,8,8
[O-][N+](=O)C1=CC=C(O1)C(=O)NC1=NC=CS1,0.3769931662870159,O=C(NN=Cc1ccc([N+](=O)[O-])o1)c1ccc(O)cc1,NIFUROXAZIDE,0.3780607247796278,O=C(N/N=C/C=C/c1ccc([N+](=O)[O-])o1)c1ccc([N+](=O)[O-])s1,NIFURZIDE,MolPort,0.988216507434845,0.0013640191129327,9,25
O=C(Nc1nccs1)c1ccc([N+](=O)[O-])o1,0.3769931662870159,O=C(NN=Cc1ccc([N+](=O)[O-])o1)c1ccc(O)cc1,NIFUROXAZIDE,0.3780607247796278,O=C(N/N=C/C=C/c1ccc([N+](=O)[O-])o1)c1ccc([N+](=O)[O-])s1,NIFURZIDE,ChemBridge Core,0.9882165050506592,0.0013640192570881,10,25
[Cl-].[Cl-].CC[N+](C)(C)CCCCCC[N+](C)(CC)CC1=CC2=CC=CC=C2O1,0.4379652605459057,Cc1cc2cccc(c2o1)C(=O)N[C@H]1CC[C@@H](N)CC1,BRD-K57987546,0.3249551166965889,CCCCCCCCCCCC[N+](CCO)(CCO)Cc1ccccc1,BENZOXONIUM,MolPort,0.9852229595184326,0.0017238765826967,11,31
[Cl-].[Cl-].ClC1=C(C[N+]2(CC#CC3=CC=C(C=C3)C#CC[N+]3(CC4=C(Cl)C=CC=C4)CCCC3)CCCC2)C=CC=C1,0.4082934609250399,NC[C@@H](N1CCOCC1)c1ccccc1Cl,BRD-A18137958,0.422360248447205,CCCCCCCCCCCC[N+](CCO)(CCO)Cc1ccccc1,BENZOXONIUM,MolPort,0.9844250869750976,0.0007754453748602,12,18
CNC(=O)C1=CC=C(O1)[N+]([O-])=O,0.4486301369863014,NC(=O)NN=Cc1ccc([N+](=O)[O-])o1,NITROFURAZONE,0.4486301369863014,NC(=O)N/N=C/c1ccc([N+](=O)[O-])o1,NITROFURAZONE,MolPort,0.983231303691864,0.0011119087535398,13,23
[Cl-].N(C1=CC(=[NH+]C2=CC=CC=C2)C2=C1C=CC=C2)C1=CC=CC=C1,0.3926293408929837,CCS(=O)(=O)Nc1ccc2c(c1)/C(=C(/Nc1ccc(cc1)CN1CCCCC1)c1ccccc1)C(=O)N2,BRD-K58122457,0.3785456420835482,CO[C@H]1/C=C/O[C@@]2(C)Oc3c(C)c(O)c4c(=O)c(c5oc6cc(N7CCN(CC(C)C)CC7)cc(O)c6nc-5c4c3C2=O)NC(=O)/C(C)=C\C=C\[C@H](C)[C@H](O)[C@@H](C)[C@@H](O)[C@@H](C)[C@H](OC(C)=O)[C@@H]1C,RIFALAZIL,MolPort,0.9826374733448028,0.0029202640968313,14,24
[O-][N+](=O)C1=C(SCl)C=CC=C1,0.3664921465968586,NS(=O)(=O)c1ccc(cc1[N+](=O)[O-])Cl,BRD-K55234887,0.2685185185185185,O=[N+]([O-])c1ccc(O)c([N+](=O)[O-])c1,"2,4-DINITROPHENOL",MolPort,0.9817342698574066,0.0029813301980282,15,47
O=[N+](C1=CC=C(C2=NN=C(N)S2)O1)[O-],0.4770949720670391,Nc1nnc(o1)-c1ccc(o1)[N+](=O)[O-],BRD-K28024289,0.3693843594009983,O=[N+]([O-])c1ccc(-c2nc(N(CCO)CCO)c3ccccc3n2)o1,NIFURQUINAZOL,MayBridge,0.9811472272872924,0.0015317754809389,16,14
NC1=NN=C(S1)C1=CC=C(O1)[N+]([O-])=O,0.4770949720670391,Nc1nnc(o1)-c1ccc(o1)[N+](=O)[O-],BRD-K28024289,0.3693843594009983,O=[N+]([O-])c1ccc(-c2nc(N(CCO)CCO)c3ccccc3n2)o1,NIFURQUINAZOL,MolPort,0.9811472249031068,0.0015317755678684,17,14
[O-][N+](=O)C1=CC=C(O1)C(=O)NC1=NC=C(Cl)C=C1,0.4187919463087248,Cc1ccc(o1)CNc1ccccn1,BRD-K24336017,0.3634408602150538,O=C(N/N=C/c1ccc([N+](=O)[O-])o1)c1ccc(O)cc1,NIFUROXAZIDE,MolPort,0.979707350730896,0.0009266719512178,18,15
CC1CN(c2ccnc(C(=O)O)c2)CCN1c1ccc(F)cn1,0.426056338028169,CN1CCN(CC1)c1ccc(c(n1)C)N,BRD-K24166064,0.4088235294117647,CCn1cc(C(=O)O)c(=O)c2cc(F)c(N3CCNCC3)nc21,ENOXACIN,ChemBridge Express,0.9779710173606871,0.002566923629016,19,10
CC1CN(CCN1C1=NC=C(F)C=C1)C1=CC(=NC=C1)C(O)=O,0.426056338028169,CN1CCN(CC1)c1ccc(c(n1)C)N,BRD-K24166064,0.4088235294117647,CCn1cc(C(=O)O)c(=O)c2cc(F)c(N3CCNCC3)nc21,ENOXACIN,MolPort,0.9779710161685944,0.0025669230131961,20,10
[Cl-].[Cl-].c1cc[n+](Cc2ccc(C[n+]3ccccc3)c3nsnc23)cc1,0.4866785079928952,NCc1cccc2nsnc12,BRD-K25831026,0.246525237746891,CNc1ncc(-c2ccc3c(=O)c(C(=O)O)cn(C4CC4)c3c2C)cc1C,OZENOXACIN,ChemBridge Core,0.9750159192085266,0.003047358802007,21,12
[Cl-].[Cl-].C(C1=CC=C(C[N+]2=CC=CC=C2)C2=NSN=C12)[N+]1=CC=CC=C1,0.4866785079928952,NCc1cccc2nsnc12,BRD-K25831026,0.246525237746891,CNc1ncc(-c2ccc3c(=O)c(C(=O)O)cn(C4CC4)c3c2C)cc1C,OZENOXACIN,MolPort,0.9750159168243407,0.0030473592224452,22,12
CN(C)C(=O)C1=CC=C(O1)[N+]([O-])=O,0.4440619621342513,O=C(N1CCNCC1)c1ccco1,BRD-K56344506,0.4327868852459016,NC(=O)N/N=C/c1ccc([N+](=O)[O-])o1,NITROFURAZONE,MolPort,0.9727467060089112,0.0022722031045053,23,23
[Cl-].CN(C)C1=CC=C2C=C3C=CC(C=C3OC2=C1)=[N+](C)C,0.4424184261036468,CN(C)c1ccc2c(c3ccc(cc3[o+]c2c1)N(C)C)-c1ccccc1C(=O)O.CC(=O)NCCSS(=O)(=O)C,BRD-M71995292,0.3446327683615819,C[C@@H]1O[C@H](C)CN2c3c(cc4c(N5C(=O)OC[C@@H]5C)noc4c3F)CC3(C(=O)NC(=O)NC3=O)[C@@H]12,ZOLIFLODACIN,MolPort,0.9718411719799042,0.0041614520555147,24,0
Cc1cc(C)cc(N2CCN(c3ccc(Cl)c(C(=O)O)n3)CC2=O)c1,0.4634873323397913,COc1ccccc1N1CCN(CC1)c1ncc(c2ccccc12)C(=O)N1CCN(CC1)c1cccc(c1)Cl,BRD-K08773184,0.4366295264623955,CCn1cc(C(=O)O)c(=O)c2cc(F)c(N3CCNCC3)nc21,ENOXACIN,ChemBridge Express,0.970367954969406,0.003937445691603,25,13
CC1=CC(=CC(C)=C1)N1CCN(CC1=O)C1=CC=C(Cl)C(=N1)C(O)=O,0.4634873323397913,COc1ccccc1N1CCN(CC1)c1ncc(c2ccccc12)C(=O)N1CCN(CC1)c1cccc(c1)Cl,BRD-K08773184,0.4366295264623955,CCn1cc(C(=O)O)c(=O)c2cc(F)c(N3CCNCC3)nc21,ENOXACIN,MolPort,0.970367954969406,0.003937445691603,26,13
COC(=O)CNC(=O)C1=CC=C(O1)[N+]([O-])=O,0.4049803407601572,[O-][N+](=O)c1ccc(o1)/C=N/NC(=O)CN1CCOCC1,BRD-K67470788,0.403041825095057,O=C(N/N=C/c1ccc([N+](=O)[O-])o1)c1ccc(O)cc1,NIFUROXAZIDE,MolPort,0.9677757227420808,0.0036757058945949,27,23
COC(=O)CNC(=O)c1ccc([N+](=O)[O-])o1,0.4049803407601572,[O-][N+](=O)c1ccc(o1)/C=N/NC(=O)CN1CCOCC1,BRD-K67470788,0.403041825095057,O=C(N/N=C/c1ccc([N+](=O)[O-])o1)c1ccc(O)cc1,NIFUROXAZIDE,ChemBridge Core,0.9677757155895234,0.0036757060117057,28,23
CCN1CCN(CC1)C1=C(C=CC(=N1)C1=CC=C(F)C=C1)C(O)=O,0.4955436720142602,CCN1C[C@@H](CC1=O)C(=O)N1CCN(CC1)c1ncccc1C(=O)N,BRD-A21515826,0.4455516014234875,CCn1cc(C(=O)O)c(=O)c2cc(F)c(N3CCNCC3)nc21,ENOXACIN,MolPort,0.9652539467811584,0.0093389936104482,29,28
CCN1CCN(c2nc(-c3ccc(F)cc3)ccc2C(=O)O)CC1,0.4955436720142602,CCN1C[C@@H](CC1=O)C(=O)N1CCN(CC1)c1ncccc1C(=O)N,BRD-A21515826,0.4455516014234875,CCn1cc(C(=O)O)c(=O)c2cc(F)c(N3CCNCC3)nc21,ENOXACIN,ChemBridge Express,0.965253946185112,0.0093389943800851,30,28
[Cl-].CCN1C(=O)C(=C(O)C2=CC=CC=C12)[N+]1=CC=CC=C1,0.4930662557781202,CN1C(=O)C(=C(O)c2ccccc21)C(=O)NCCO,BRD-K44652242,0.4580060422960725,COc1c(N2C[C@@H]3CCCN[C@@H]3C2)c(F)cc2c(=O)c(C(=O)O)cn(C3CC3)c12,MOXIFLOXACIN,MolPort,0.9651568758487702,0.0076656759470223,31,1
Cc1cc(C(F)(F)F)nc(N2CCN(c3ccc(C(=O)O)cn3)CC2)n1,0.4363636363636363,N#Cc1ccc(nc1)N1CCCNCC1,BRD-K24065917,0.4103703703703704,CCn1cc(C(=O)O)c(=O)c2cc(F)c(N3CCNCC3)nc21,ENOXACIN,ChemBridge Express,0.9640191769599916,0.0049409019431428,32,10
CC1=NC(=NC(=C1)C(F)(F)F)N1CCN(CC1)C1=NC=C(C=C1)C(O)=O,0.4363636363636363,N#Cc1ccc(nc1)N1CCCNCC1,BRD-K24065917,0.4103703703703704,CCn1cc(C(=O)O)c(=O)c2cc(F)c(N3CCNCC3)nc21,ENOXACIN,MolPort,0.9640191769599916,0.0049409019431428,33,10
O=C(Nc1ccc(F)cc1F)c1ccc([N+](=O)[O-])o1,0.4809384164222874,O=C(Nc1ccccc1)c1ccco1,BRD-K01292099,0.3745210727969348,O=C(N/N=C/C=C/c1ccc([N+](=O)[O-])o1)c1ccc([N+](=O)[O-])s1,NIFURZIDE,ChemBridge Core,0.962756052017212,0.0053150137000511,34,2
[O-][N+](=O)C1=CC=C(O1)C(=O)NC1=C(F)C=C(F)C=C1,0.4809384164222874,O=C(Nc1ccccc1)c1ccco1,BRD-K01292099,0.3745210727969348,O=C(N/N=C/C=C/c1ccc([N+](=O)[O-])o1)c1ccc([N+](=O)[O-])s1,NIFURZIDE,MolPort,0.9627560508251192,0.0053150138345245,35,2
[Cl-].CC[N+]1=C(C)SC2=C1C=CC1=C2C=CC=C1,0.4643337819650067,Cc1ccc2sc(nc2c1)C,BRD-K81229206,0.3368421052631579,CCN(CC)c1nc2c(s1)c1c(O)c3c(O)c(C)c4c(c32)C(=O)[C@@](C)(O/C=C/[C@H](OC)[C@@H](C)[C@@H](OC(C)=O)[C@H](C)[C@H](O)[C@H](C)[C@@H](O)[C@@H](C)/C=C/C=C(/C)C(=O)N1)O4,RIFAMEXIL,MolPort,0.9619756948947906,0.0064706400494757,36,21
[Cl-].[Cl-].CC[N+](CC)(CC)CCCCCC[N+](CC)(CC)CC1=CC2=CC=CC=C2O1,0.4375772558714462,Cc1cc2cccc(c2o1)C(=O)N[C@H]1CC[C@@H](N)CC1,BRD-K57987546,0.3321364452423698,CCCCCCCCCCCC[N+](CCO)(CCO)Cc1ccccc1,BENZOXONIUM,MolPort,0.9607854714989662,0.0167316758069626,37,31
[Cl-].[Cl-].CCCCC1=[N+](C)C=CN1CCN1C=C[N+](C)=C1CCCC,0.3625304136253041,Cc1nccn1CCN,BRD-K74976717,0.2641261498028909,Cc1ncc([N+](=O)[O-])n1CC(C)O,SECNIDAZOLE,MolPort,0.9601715815067292,0.0057647179767935,38,48
CSSSC,0.1621621621621621,NCCSSCCN,BRD-K12555806,0.0769230769230769,II,IODINE,MolPort,0.9592154097557068,0.0291375217053151,39,19
[O-][N+](=O)C1=CC=C(O1)C(=O)NC1=NC=CC=N1,0.3970406905055487,O=C(NN=Cc1ccc([N+](=O)[O-])o1)c1ccc(O)cc1,NIFUROXAZIDE,0.3970406905055487,O=C(N/N=C/c1ccc([N+](=O)[O-])o1)c1ccc(O)cc1,NIFUROXAZIDE,MolPort,0.9584708881378172,0.0050469307120897,40,15
O=C(Nc1ncccn1)c1ccc([N+](=O)[O-])o1,0.3970406905055487,O=C(NN=Cc1ccc([N+](=O)[O-])o1)c1ccc(O)cc1,NIFUROXAZIDE,0.3970406905055487,O=C(N/N=C/c1ccc([N+](=O)[O-])o1)c1ccc(O)cc1,NIFUROXAZIDE,ChemBridge Core,0.9584708881378172,0.0050469307120897,41,15
COC(=O)C1=C(NC(=O)C2=CC=C(O2)[N+]([O-])=O)C=CS1,0.4954829742876998,COC(=O)c1sc2ccccc2c1NC(=O)c1ccc(cc1)S(=O)(=O)N1C[C@@]2(C)C[C@@H]1CC(C)(C)C2,BRD-A79889042,0.4163588390501319,Cc1c(N)nc([C@H](CC(N)=O)NC[C@H](N)C(N)=O)nc1C(=O)N[C@H](C(=O)N[C@H](C)[C@@H](O)[C@H](C)C(=O)N[C@H](C(=O)NCCc1nc(-c2nc(C(=O)NCCCN[C@@H](C)c3ccccc3)cs2)cs1)[C@@H](C)O)[C@@H](O[C@@H]1O[C@@H](CO)[C@@H](O)[C@H](O)[C@@H]1O[C@H]1O[C@H](CO)[C@@H](O)[C@H](OC(N)=O)[C@@H]1O)c1c[nH]cn1,PEPLOMYCIN,MolPort,0.9583904778957368,0.0067993533671169,42,8
ClC1=C(Cl)C(=O)SS1,0.185929648241206,O=C1SSC(=C1)c1ccccc1,BRD-K95851104,0.1014799154334038,O=c1ccn(F)c2ccccc12,,MolPort,0.957965393755585,0.0228989585321507,43,21
CCNC(=O)C1=CC=C(O1)[N+]([O-])=O,0.4501718213058419,O=C(N1CCNCC1)c1ccco1,BRD-K56344506,0.4315960912052117,NC(=O)N/N=C/c1ccc([N+](=O)[O-])o1,NITROFURAZONE,MolPort,0.9578222227096558,0.0034921078635212,44,23
[Cl-].C(C1=CC=CC=C1)[N+]12CCC(CC1)C(C2)=C(C1=CC=CC=C1)C1=CC=CC=C1,0.4154929577464789,CCCCN(C/C=C/c1ccccc1OC)Cc1ccccc1,BRD-K83980373,0.3431221020092735,CCCCCCCCCCCC[N+](CCO)(CCO)Cc1ccccc1,BENZOXONIUM,MolPort,0.9577597177028656,0.0072243096152831,45,1
O=C(O)c1cccc(N2CCC(Oc3cccc(F)c3)CC2)n1,0.4182305630026809,Cc1cccc(n1)N1CCNCC1,BRD-K69779168,0.3798808735936466,N[C@H]1[C@@H]2CN(c3nc4c(cc3F)c(=O)c(C(=O)O)cn4-c3ccc(F)cc3F)C[C@H]12,TROVAFLOXACIN,ChemBridge Express,0.957524093389511,0.0040068224651082,46,29
OC(=O)C1=CC=CC(=N1)N1CCC(CC1)OC1=CC(F)=CC=C1,0.4182305630026809,Cc1cccc(n1)N1CCNCC1,BRD-K69779168,0.3798808735936466,N[C@H]1[C@@H]2CN(c3nc4c(cc3F)c(=O)c(C(=O)O)cn4-c3ccc(F)cc3F)C[C@H]12,TROVAFLOXACIN,MolPort,0.9575240921974182,0.0040068224159788,47,29
Nc1sc2ccccc2[n+]1Cc1ccccc1.[Cl-],0.4814814814814814,Nc1nc2ccc(cc2s1)Cl,BRD-K63429176,0.3363028953229399,CCN(CC)c1nc2c(s1)c1c(O)c3c(O)c(C)c4c(c32)C(=O)[C@@](C)(O/C=C/[C@H](OC)[C@@H](C)[C@@H](OC(C)=O)[C@H](C)[C@H](O)[C@H](C)[C@@H](O)[C@@H](C)/C=C/C=C(/C)C(=O)N1)O4,RIFAMEXIL,ChemBridge Core,0.9551928997039796,0.0089097893651758,48,33
[Cl-].NC1=[N+](CC2=CC=CC=C2)C2=CC=CC=C2S1,0.4814814814814814,Nc1nc2ccc(cc2s1)Cl,BRD-K63429176,0.3363028953229399,CCN(CC)c1nc2c(s1)c1c(O)c3c(O)c(C)c4c(c32)C(=O)[C@@](C)(O/C=C/[C@H](OC)[C@@H](C)[C@@H](OC(C)=O)[C@H](C)[C@H](O)[C@H](C)[C@@H](O)[C@@H](C)/C=C/C=C(/C)C(=O)N1)O4,RIFAMEXIL,MolPort,0.9551928985118866,0.0089097898567361,49,33
O=[N+]([O-])C1=CC(C(F)(F)F)=CC([N+]([O-])=O)=C1NNC(C2=CC=CO2)=O,0.4010507880910683,O=C(NN=Cc1ccc([N+](=O)[O-])o1)c1cc([N+](=O)[O-])cc([N+](=O)[O-])c1O,NIFURSOL,0.3538461538461538,CN(C)[C@@H]1C(O)=C(C(N)=O)C(=O)[C@@]2(O)C(O)=C3C(=O)c4c(O)ccc([N+](=O)[O-])c4C[C@H]3C[C@@H]12,NITROCYCLINE,MayBridge,0.9549977827072144,0.0062934548520629,50,5
[O-][N+](=O)C1=CC(=CC(=C1NNC(=O)C1=CC=CO1)[N+]([O-])=O)C(F)(F)F,0.4010507880910683,O=C(NN=Cc1ccc([N+](=O)[O-])o1)c1cc([N+](=O)[O-])cc([N+](=O)[O-])c1O,NIFURSOL,0.3538461538461538,CN(C)[C@@H]1C(O)=C(C(N)=O)C(=O)[C@@]2(O)C(O)=C3C(=O)c4c(O)ccc([N+](=O)[O-])c4C[C@H]3C[C@@H]12,NITROCYCLINE,MolPort,0.9549977815151216,0.0062934554324862,51,5
[Cl-].C[N+]1=C(SC2=CC=CC=C12)\C=C\NC1=CC=CC=C1,0.4617253948967193,CC(C)c1nc2cc3sc(nc3cc2s1)C(C)C,BRD-K82298949,0.3377703826955074,CCN(CC)c1nc2c(s1)c1c(O)c3c(O)c(C)c4c(c32)C(=O)[C@@](C)(O/C=C/[C@H](OC)[C@@H](C)[C@@H](OC(C)=O)[C@H](C)[C@H](O)[C@H](C)[C@@H](O)[C@@H](C)/C=C/C=C(/C)C(=O)N1)O4,RIFAMEXIL,MolPort,0.954908411502838,0.00531387404231,52,20
CCOC(=O)C1=CSC(NC(=O)C2=CC=C(O2)[N+]([O-])=O)=N1,0.4339810662680617,CC[C@@H](C)[C@H]1N[C@H]2C=Cc3c(cc(nc3[C@@H]2O)C(=O)O[C@@H](C)[C@H]2NC(=O)c3csc(n3)[C@@H](NC(=O)[C@H]3CSC(=N3)/C(=C/C)NC(=O)[C@@H](NC(=O)c3csc(n3)[C@]3(CCC(=N[C@@H]3c3csc2n3)c2nc(cs2)C(=O)NC(=C)C(=O)NC(=C)C(=O)N)NC(=O)[C@@H](C)NC(=O)C(=C)NC(=O)[C@@H](C)NC1=O)[C@@H](C)O)C(C)(O)[C@@H](C)O)[C@@H](C)O,BRD-A20697603,0.4288747346072187,Cc1c(N)nc([C@H](CC(N)=O)NC[C@H](N)C(N)=O)nc1C(=O)N[C@H](C(=O)N[C@H](C)[C@@H](O)[C@H](C)C(=O)N[C@H](C(=O)NCCc1nc(-c2nc(C(=O)NCCCN[C@@H](C)c3ccccc3)cs2)cs1)[C@@H](C)O)[C@@H](O[C@@H]1O[C@@H](CO)[C@@H](O)[C@H](O)[C@@H]1O[C@H]1O[C@H](CO)[C@@H](O)[C@H](OC(N)=O)[C@@H]1O)c1c[nH]cn1,PEPLOMYCIN,MolPort,0.9543645936250686,0.0080107232516489,53,25
CCOC(=O)c1csc(NC(=O)c2ccc([N+](=O)[O-])o2)n1,0.4339810662680617,CC[C@@H](C)[C@H]1N[C@H]2C=Cc3c(cc(nc3[C@@H]2O)C(=O)O[C@@H](C)[C@H]2NC(=O)c3csc(n3)[C@@H](NC(=O)[C@H]3CSC(=N3)/C(=C/C)NC(=O)[C@@H](NC(=O)c3csc(n3)[C@]3(CCC(=N[C@@H]3c3csc2n3)c2nc(cs2)C(=O)NC(=C)C(=O)NC(=C)C(=O)N)NC(=O)[C@@H](C)NC(=O)C(=C)NC(=O)[C@@H](C)NC1=O)[C@@H](C)O)C(C)(O)[C@@H](C)O)[C@@H](C)O,BRD-A20697603,0.4288747346072187,Cc1c(N)nc([C@H](CC(N)=O)NC[C@H](N)C(N)=O)nc1C(=O)N[C@H](C(=O)N[C@H](C)[C@@H](O)[C@H](C)C(=O)N[C@H](C(=O)NCCc1nc(-c2nc(C(=O)NCCCN[C@@H](C)c3ccccc3)cs2)cs1)[C@@H](C)O)[C@@H](O[C@@H]1O[C@@H](CO)[C@@H](O)[C@H](O)[C@@H]1O[C@H]1O[C@H](CO)[C@@H](O)[C@H](OC(N)=O)[C@@H]1O)c1c[nH]cn1,PEPLOMYCIN,ChemBridge Core,0.9543645924329758,0.0080107235983523,54,25
[Cl-].CC[NH+](CC)C(C)C#CCC(C1=CC=CC=C1)C1=CC=CC=C1,0.4560185185185185,C[C@@H](NCCC(c1ccccc1)c1ccccc1)c1ccccc1,BRD-A71033472,0.2998643147896879,Cl.N#CC(CCN1CCC(C(=O)O)(c2ccccc2)CC1)(c1ccccc1)c1ccccc1,DIFENOXIN HYDROCHLORIDE,MolPort,0.9498361849784852,0.008282031659421,55,3
[Br-].[2H]C1=C([2H])C([2H])=C(C([2H])=C1[2H])[P+](CC1=CC(O)=CC=C1)(C1=C([2H])C([2H])=C([2H])C([2H])=C1[2H])C1=C([2H])C([2H])=C([2H])C([2H])=C1[2H],0.3432518597236982,COc1ccc(cc1)[Si](C)(C)[C@H]1[C@H](C)[C@]2(O[C@@H]1CC(=O)N1Cc3ccccc3C[C@H]1CO)C(=O)N(Cc1ccc(cc1)N1CCOC1=O)c1ccccc12,BRD-K19701049,0.3372689938398357,CNC(=O)C[C@@H]1NC(=O)c2csc(n2)-c2ccc(-c3nc(C4=N[C@H](C(=O)N5CCC[C@H]5C(N)=O)CO4)cs3)nc2-c2csc(n2)-c2csc(n2)C(C(O)c2ccccc2)NC(=O)CNC(=O)c2nc(sc2COC)[C@H](C(C)C)NC(=O)c2nc1sc2C,,MolPort,0.9493594455718994,0.0066299003216645,56,32
O=C(NCc1ccco1)c1ccc([N+](=O)[O-])o1,0.4190031152647975,NC(=O)NN=Cc1ccc([N+](=O)[O-])o1,NITROFURAZONE,0.4190031152647975,NC(=O)N/N=C/c1ccc([N+](=O)[O-])o1,NITROFURAZONE,ChemBridge Core,0.9490477991104126,0.0058101428823174,57,4
[O-][N+](=O)C1=CC=C(O1)C(=O)NCC1=CC=CO1,0.4190031152647975,NC(=O)NN=Cc1ccc([N+](=O)[O-])o1,NITROFURAZONE,0.4190031152647975,NC(=O)N/N=C/c1ccc([N+](=O)[O-])o1,NITROFURAZONE,MolPort,0.9490477979183196,0.0058101430735854,58,4
O=C(NCC1=CC=CO1)C2=CC=C([N+]([O-])=O)O2,0.4190031152647975,NC(=O)NN=Cc1ccc([N+](=O)[O-])o1,NITROFURAZONE,0.4190031152647975,NC(=O)N/N=C/c1ccc([N+](=O)[O-])o1,NITROFURAZONE,MayBridge,0.9490477967262269,0.0058101426946073,59,4
Cl.Cl.CCOC1=CC=C(C=C1C(O)=O)C1=CC=NC(=N1)N1CCNC(C)C1,0.4652694610778443,CCc1cc(c(cc1N1CCC(CC1)N1CCN(CC1)S(=O)(=O)C)OC)Nc1nccc(n1)-c1c(nc2ccccn12)-c1ccc(c(c1)C(=O)Nc1c(cccc1F)F)OC,BRD-K04833372,0.4238197424892704,CCCCCCCCCCNCCN[C@@]1(C)C[C@H](O[C@H]2[C@H](Oc3c4cc5cc3Oc3ccc(cc3Cl)[C@@H](O)[C@@H](NC(=O)[C@@H](CC(C)C)NC)C(=O)N[C@@H](CC(N)=O)C(=O)N[C@H]5C(=O)N[C@H]3C(=O)N[C@H](C(=O)N[C@H](C(=O)O)c5cc(O)c(CNCP(=O)(O)O)c(O)c5-c5cc3ccc5O)[C@H](O)c3ccc(c(Cl)c3)O4)O[C@H](CO)[C@@H](O)[C@@H]2O)O[C@@H](C)[C@H]1O,TELAVANCIN,MolPort,0.9487151551246644,0.0055401602745906,60,28
COC(=O)C1=C(NC(=O)C2=CC=C(O2)[N+]([O-])=O)C=CC=C1,0.4736363636363636,NS(=O)(=O)c1cc(C(=O)O)c(NCc2ccco2)cc1Cl,FUROSEMIDE,0.3939974457215836,CNc1ccc2oc(C[C@H]3O[C@@]4(CC[C@H]3C)O[C@H]([C@H](C)C(=O)c3ccc[nH]3)[C@H](C)C[C@H]4C)nc2c1C(=O)O,CALCIMYCIN,MolPort,0.9480107468366624,0.008615569427877,61,2
CC(=O)NC1=NC=C(S1)C1=CC=C(O1)[N+]([O-])=O,0.3949671772428884,CC(C)[C@@H]1NC(=O)[C@@H](NC(=O)C2=C(N)C(=O)C(=C3Oc4c(ccc(c4N=C32)C(=O)N[C@H]2[C@@H](C)OC(=O)[C@H](C(C)C)N(C)C(=O)CN(C)C(=O)[C@@H]3CCCN3C(=O)[C@@H](NC2=O)C(C)C)C)C)[C@@H](C)OC(=O)[C@H](C(C)C)N(C)C(=O)CN(C)C(=O)[C@@H]2CCCN2C1=O,BRD-K16547679,0.3939157566302652,O=[N+]([O-])c1ccc(-c2nc(N(CCO)CCO)c3ccccc3n2)o1,NIFURQUINAZOL,MolPort,0.9479210060834884,0.0156528974634238,62,14
[Cl-].CC(C1OCC(C[N+]2(CC3=CC=CC=C3)CCCCC2)O1)C1=CC=CC=C1,0.4655737704918032,OC[C@H]1CN(CCO1)Cc1ccccc1,BRD-A72433779,0.4159869494290375,CCCCCCCCCCCC[N+](CCO)(CCO)Cc1ccccc1,BENZOXONIUM,MolPort,0.9474480080604554,0.0076507422684532,63,17
COC(=O)c1ccc(NC(=O)c2ccc([N+](=O)[O-])o2)cc1,0.4947209653092006,O=C(Nc1ccccc1)c1ccco1,BRD-K01292099,0.4097222222222222,O=C(N/N=C/c1ccc([N+](=O)[O-])o1)c1ccc(O)cc1,NIFUROXAZIDE,ChemBridge Core,0.9471578538417816,0.0069272032969027,64,2
COC(=O)C1=CC=C(NC(=O)C2=CC=C(O2)[N+]([O-])=O)C=C1,0.4947209653092006,O=C(Nc1ccccc1)c1ccco1,BRD-K01292099,0.4097222222222222,O=C(N/N=C/c1ccc([N+](=O)[O-])o1)c1ccc(O)cc1,NIFUROXAZIDE,MolPort,0.9471578514575958,0.0069272038818562,65,2
[Cl-].[Cl-].C(C#CC1=CC=C(C=C1)C#CC[N+]1(CC2=CC=CC=C2)CCOCC1)[N+]1(CC2=CC=CC=C2)CCOCC1,0.4720194647201946,NC(=O)c1ccc(cc1)CN1CCOCC1,BRD-K80439282,0.4575471698113207,CCCCCCCCCCCC[N+](CCO)(CCO)Cc1ccccc1,BENZOXONIUM,MolPort,0.946958590745926,0.0053436257756922,66,18
O=C(Nn1cnnc1)c1ccc([N+](=O)[O-])o1,0.3885714285714285,NC(=O)NN=Cc1ccc([N+](=O)[O-])o1,NITROFURAZONE,0.3885714285714285,NC(=O)N/N=C/c1ccc([N+](=O)[O-])o1,NITROFURAZONE,ChemBridge Core,0.9468197011947632,0.009317220928619,67,44
[O-][N+](=O)C1=CC=C(O1)C(=O)NN1C=NN=C1,0.3885714285714285,NC(=O)NN=Cc1ccc([N+](=O)[O-])o1,NITROFURAZONE,0.3885714285714285,NC(=O)N/N=C/c1ccc([N+](=O)[O-])o1,NITROFURAZONE,MolPort,0.9468197000026702,0.0093172215351523,68,44
CN(C(=O)C1=CC=C(O1)[N+]([O-])=O)C1=CC=CC=C1,0.4844903988183161,O=C(Nc1ccccc1)c1ccco1,BRD-K01292099,0.3905191873589165,O=C(N/N=C/c1ccc([N+](=O)[O-])o1)c1ccc(O)cc1,NIFUROXAZIDE,MolPort,0.9466815233230592,0.0063550186387892,69,2
[Cl-].C[N+]1(C)CC2=C(Cl)C3=CC=CC=C3C(=C2C1)C1=CC=CC=C1,0.48828125,CC[N+]1(CC)Cc2c(c3ccccc3c(c2C1)C(=C)C)Cl,BRD-K58661506,0.3955974842767296,NC1C(=O)NC2Cc3ccc(c(Cl)c3)Oc3cc4cc(c3O)Oc3ccc(cc3Cl)C(O)C3NC(=O)C(NC(=O)C4NC(=O)C(NC2=O)c2cc(O)cc(c2)Oc2cc1ccc2O)c1ccc(O)c(c1)-c1c(O)cc(O)cc1[C@H](C(=O)NC1C2CC4CC(C2)CC1C4)NC3=O,,MolPort,0.946483229994774,0.011208698534602,70,0
COC1=CC=C(N=C1C1=C(F)C=C(O)C(Cl)=C1)C(O)=O,0.4836879432624113,C[C@@H]1C[C@H](N)C[C@@H](C1)c1ccncc1NC(=O)c1ccc(c(n1)-c1c(cccc1F)F)F,BRD-K00003280,0.4519918283963228,CO[C@H]1/C=C/O[C@@]2(C)Oc3c(C)c(O)c4c(=O)c(c5oc6cc(N7CCN(CC(C)C)CC7)cc(O)c6nc-5c4c3C2=O)NC(=O)/C(C)=C\C=C\[C@H](C)[C@H](O)[C@@H](C)[C@@H](O)[C@@H](C)[C@H](OC(C)=O)[C@@H]1C,RIFALAZIL,MolPort,0.9456565272808076,0.0137814231706523,71,27
COc1ccc(C(=O)O)nc1-c1cc(Cl)c(O)cc1F,0.4836879432624113,C[C@@H]1C[C@H](N)C[C@@H](C1)c1ccncc1NC(=O)c1ccc(c(n1)-c1c(cccc1F)F)F,BRD-K00003280,0.4519918283963228,CO[C@H]1/C=C/O[C@@]2(C)Oc3c(C)c(O)c4c(=O)c(c5oc6cc(N7CCN(CC(C)C)CC7)cc(O)c6nc-5c4c3C2=O)NC(=O)/C(C)=C\C=C\[C@H](C)[C@H](O)[C@@H](C)[C@@H](O)[C@@H](C)[C@H](OC(C)=O)[C@@H]1C,RIFALAZIL,ChemBridge Express,0.9456565272808076,0.0137814231706523,72,27
COCC1=C(C=NC(=N1)N1CCN(CC1)C1=C(F)C=CC=C1)C(O)=O,0.4806007509386733,CN(C)c1ncc(c(n1)C)C(=O)O,BRD-K18874960,0.4105504587155963,CCn1cc(C(=O)O)c(=O)c2cc(F)c(N3CCNCC3)cc21,NORFLOXACIN,MolPort,0.9453455340862276,0.0105182003768685,73,43
[Cl-].ClC1=CC=C(C=C1)C1=CN(CC2=CC=C(Cl)C(Cl)=C2)C2=[N+]1CCC2,0.4992511233150274,COc1ccc(cc1)COCC12Oc3ccccc3[C@H]([C@H]1COC(=O)NCCCCCC(=O)NO)N1C(=O)C(=C3C(=O)N(C)C(=O)C3=C1N2C)C(=O)C,BRD-K16897640,0.4888438133874239,CNC(=O)C[C@@H]1NC(=O)c2csc(n2)-c2ccc(-c3nc(C4=N[C@H](C(=O)N5CCC[C@H]5C(N)=O)CO4)cs3)nc2-c2csc(n2)-c2csc(n2)C(C(O)c2ccccc2)NC(=O)CNC(=O)c2nc(sc2COC)[C@H](C(C)C)NC(=O)c2nc1sc2C,,MolPort,0.9449539351463316,0.0081091346754236,74,35
O=C(O)c1ccnc(-c2ccnc(N3CC(Oc4ccccc4F)C3)n2)c1,0.4336569579288026,OC(=O)c1ccnc(c1)N1CC(O)(C1)c1ccc(cc1Cl)OCc1c(onc1-c1c(cccc1Cl)Cl)C1CC1,BRD-K00004595,0.4107050952135872,CO[C@H]1/C=C/O[C@@]2(C)Oc3c(C)c(O)c4c(=O)c(c5oc6cc(N7CCN(CC(C)C)CC7)cc(O)c6nc-5c4c3C2=O)NC(=O)/C(C)=C\C=C\[C@H](C)[C@H](O)[C@@H](C)[C@@H](O)[C@@H](C)[C@H](OC(C)=O)[C@@H]1C,RIFALAZIL,ChemBridge Express,0.9444138163328172,0.0090694673298135,75,22
OC(=O)C1=CC=NC(=C1)C1=CC=NC(=N1)N1CC(C1)OC1=C(F)C=CC=C1,0.4336569579288026,OC(=O)c1ccnc(c1)N1CC(O)(C1)c1ccc(cc1Cl)OCc1c(onc1-c1c(cccc1Cl)Cl)C1CC1,BRD-K00004595,0.4107050952135872,CO[C@H]1/C=C/O[C@@]2(C)Oc3c(C)c(O)c4c(=O)c(c5oc6cc(N7CCN(CC(C)C)CC7)cc(O)c6nc-5c4c3C2=O)NC(=O)/C(C)=C\C=C\[C@H](C)[C@H](O)[C@@H](C)[C@@H](O)[C@@H](C)[C@H](OC(C)=O)[C@@H]1C,RIFALAZIL,MolPort,0.9444138127565384,0.0090694687136847,76,22
O=C(NCC1=CC=CS1)C2=CC=C([N+]([O-])=O)O2,0.403680981595092,O=C(NN=Cc1ccc([N+](=O)[O-])o1)c1ccc(O)cc1,NIFUROXAZIDE,0.4276595744680851,O=C(N/N=C/C=C/c1ccc([N+](=O)[O-])o1)c1ccc([N+](=O)[O-])s1,NIFURZIDE,MayBridge,0.9441784703731536,0.0095847431941872,77,45
[O-][N+](=O)C1=CC=C(O1)C(=O)NCC1=CC=CS1,0.403680981595092,O=C(NN=Cc1ccc([N+](=O)[O-])o1)c1ccc(O)cc1,NIFUROXAZIDE,0.4276595744680851,O=C(N/N=C/C=C/c1ccc([N+](=O)[O-])o1)c1ccc([N+](=O)[O-])s1,NIFURZIDE,MolPort,0.9441784691810609,0.0095847435821641,78,45
OCC1=CC(=O)[C@@H]2O[C@@H]2C1=O,0.4323899371069182,OC1[C@H]2O[C@H]2C(=O)C(=C)C1=O,BRD-A14037484,0.3661581137309292,C/C(=C\C(=O)OCCCCCCCCC(=O)O)C[C@@H]1OC[C@H](C[C@@H]2O[C@H]2[C@@H](C)[C@H](C)O)[C@@H](O)[C@H]1O,MUPIROCIN,MolPort,0.9440499275922776,0.0146286327339534,79,49
O=C(NNC(C1=CC=C(Cl)C(Cl)=C1)=O)C2=CC=CC=C2[N+]([O-])=O,0.4447821681864235,[O-][N+](=O)c1ccccc1C(=O)Nc1ccc(cc1)-c1nc2ccc(cc2[nH]1)NC(=O)c1ccccc1[N+](=O)[O-],BRD-K48630801,0.3019086176980914,CN(C)[C@@H]1C(O)=C(C(N)=O)C(=O)[C@@]2(O)C(O)=C3C(=O)c4c(O)ccc([N+](=O)[O-])c4C[C@H]3C[C@@H]12,NITROCYCLINE,MayBridge,0.9427226257324218,0.0066018958910627,80,6
[O-][N+](=O)C1=C(C=CC=C1)C(=O)NNC(=O)C1=CC(Cl)=C(Cl)C=C1,0.4447821681864235,[O-][N+](=O)c1ccccc1C(=O)Nc1ccc(cc1)-c1nc2ccc(cc2[nH]1)NC(=O)c1ccccc1[N+](=O)[O-],BRD-K48630801,0.3019086176980914,CN(C)[C@@H]1C(O)=C(C(N)=O)C(=O)[C@@]2(O)C(O)=C3C(=O)c4c(O)ccc([N+](=O)[O-])c4C[C@H]3C[C@@H]12,NITROCYCLINE,MolPort,0.942722624540329,0.0066018954287148,81,6
[Na+].[Na+].OS(=O)(=O)C1=C(NC2=CC=C(C=C2)C(C2=CC=C(NC3=C(C=CC=C3)S([O-])(=O)=O)C=C2)=C2C=CC(C=C2)=NC2=C(C=CC=C2)S([O-])(=O)=O)C=CC=C1,0.4605568445475638,CN(C)c1ccc(C(=C2C=CC(=[N+](C)C)C=C2)c2ccc(N(C)C)cc2)cc1.[Cl-],GENTIAN VIOLET,0.3888319672131147,CNC(=O)C[C@@H]1NC(=O)c2csc(n2)-c2ccc(-c3nc(C4=N[C@H](C(=O)N5CCC[C@H]5C(N)=O)CO4)cs3)nc2-c2csc(n2)-c2csc(n2)C(C(O)c2ccccc2)NC(=O)CNC(=O)c2nc(sc2COC)[C@H](C(C)C)NC(=O)c2nc1sc2C,,MolPort,0.9426687729358671,0.0060046707621465,82,20
Cl.OC(=O)C1=CC=NC(=C1)C1=CC=NC(=N1)N1C[C@@H]2C[C@H]1CN2,0.4460093896713615,CCc1cc(c(cc1N1CCC(CC1)N1CCN(CC1)S(=O)(=O)C)OC)Nc1nccc(n1)-c1c(nc2ccccn12)-c1ccc(c(c1)C(=O)Nc1c(cccc1F)F)OC,BRD-K04833372,0.4256792754395311,Cc1c(N)nc([C@H](CC(N)=O)NC[C@H](N)C(N)=O)nc1C(=O)N[C@H](C(=O)N[C@H](C)[C@@H](O)[C@H](C)C(=O)N[C@H](C(=O)NCCc1nc(-c2nc(C(=O)NCCCN[C@@H](C)c3ccccc3)cs2)cs1)[C@@H](C)O)[C@@H](O[C@@H]1O[C@@H](CO)[C@@H](O)[C@H](O)[C@@H]1O[C@H]1O[C@H](CO)[C@@H](O)[C@H](OC(N)=O)[C@@H]1O)c1c[nH]cn1,PEPLOMYCIN,MolPort,0.9425443574786186,0.020251511528683,83,22
[O-][N+](=O)C1=CC=C(O1)C(=O)OCC1=NON=C1COC(=O)C1=CC=C(O1)[N+]([O-])=O,0.3795918367346939,CCOC(=O)c1ccc(cc1)N1NC(=O)/C(=C/c2ccc(o2)[N+](=O)[O-])C1=O,BRD-K66101666,0.3545034642032332,N=C(N)NN=C(/C=C/c1ccc([N+](=O)[O-])o1)/C=C/c1ccc([N+](=O)[O-])o1,NITROVIN,MolPort,0.9401305782794952,0.0071723125703806,84,42
[Cl-].O1C(C(SC2=[N+]1C=CC=C2)C1=CC=CC=C1)C1=CC=CC=C1,0.4545918367346939,COCCOC(=O)N1C(=O)[C@@]2([C@H]([C@H]3N([C@@H]([C@@H](OC3=O)c3ccccc3)c3ccccc3)[C@H]2c2ccc(cc2)OCCO)C(=O)Nc2nc3ccccc3s2)c2ccccc21,BRD-K35562787,0.4428063040162684,CNC(=O)C[C@@H]1NC(=O)c2csc(n2)-c2ccc(-c3nc(C4=N[C@H](C(=O)N5CCC[C@H]5C(N)=O)CO4)cs3)nc2-c2csc(n2)-c2csc(n2)C(C(O)c2ccccc2)NC(=O)CNC(=O)c2nc(sc2COC)[C@H](C(C)C)NC(=O)c2nc1sc2C,,MolPort,0.9398370110988616,0.0089764649929125,85,0
[Cl-].ClC1=CC=C(NC2=CC(CCC2)=[NH+]C2=CC=C(Cl)C=C2)C=C1,0.3974358974358974,CC1(C)CC(=Nc2ccccc2N1)/C=C/c1ccccc1,BRD-K47386241,0.2646370023419204,CC(C)=CCC/C(C)=C/CC/C(C)=C/CN1C(=O)c2cccc(O)c2Nc2c(O)cc(O)cc21,DIAZEPINOMICIN,MolPort,0.9396412253379822,0.0071630803671133,86,24
COc1ccc(F)c(CN2CCN(c3ccc(C(=O)O)cc3)CC2)c1F,0.4973309608540925,COc1ccc(c(c1F)C(=O)N1CCN(CCO)[C@@H]2CS(=O)(=O)C[C@@H]21)F,BRD-K91233069,0.3664302600472813,CCn1cc(C(=O)O)c(=O)c2cc(F)c(N3CCN(C)CC3)cc21,PEFLOXACIN,ChemBridge Express,0.9393616518378258,0.0138450676232323,87,40
COC1=CC=C(F)C(CN2CCN(CC2)C2=CC=C(C=C2)C(O)=O)=C1F,0.4973309608540925,COc1ccc(c(c1F)C(=O)N1CCN(CCO)[C@@H]2CS(=O)(=O)C[C@@H]21)F,BRD-K91233069,0.3664302600472813,CCn1cc(C(=O)O)c(=O)c2cc(F)c(N3CCN(C)CC3)cc21,PEFLOXACIN,MolPort,0.93936164945364,0.0138450676391008,88,40
CC1=NC(=NC(=C1)C(O)=O)N1CCN(CC1)C1=CC=CC=C1Cl,0.4149214659685863,CCN1CCN(CC1)C1=NC(=O)C=C(C)N1,BRD-K48333701,0.3448965977318212,N[C@@H]1CCCCN(c2c(F)cc3c(=O)c(C(=O)O)cn(C4CC4)c3c2Cl)C1,BESIFLOXACIN,MolPort,0.9392859959602357,0.0097510503335419,89,43
Cl.ClC(Cl)C(=O)NCCN(CCNC(=O)C(Cl)Cl)CCNC(=O)C(Cl)Cl,0.496551724137931,CN1CCN(CC1)C(=O)C,BRD-K96055017,0.1635514018691588,C=CN1CCCC1=O.II,POVIDONE-IODINE,MolPort,0.9376992172002792,0.0235323572739214,90,19
[Cl-].C(C1=NC2=CC=CC=C2N1)[P+](C1=CC=CC=C1)(C1=CC=CC=C1)C1=CC=CC=C1,0.3705772811918063,FC(F)(F)c1nc2ccccc2[nH]1,BRD-K52953502,0.271,Cc1c(OCC(F)(F)F)ccnc1C[S+]([O-])c1nc2ccccc2[nH]1,LANSOPRAZOLE,MolPort,0.9358302879333495,0.0086970049118564,91,1
[Cl-].ClC1=CC=C(CN2C=C(C3=CC=CC=C3)[N+]3=C2CCC3)C=C1Cl,0.494572591587517,CCCCn1c(c(nc1-c1ccccc1)-c1ccccc1)CN(Cc1ccc2c(c1)OCO2)Cc1ccc2c(c1)OCO2,BRD-K17539220,0.4819888381532217,CNC(=O)C[C@@H]1NC(=O)c2csc(n2)-c2ccc(-c3nc(C4=N[C@H](C(=O)N5CCC[C@H]5C(N)=O)CO4)cs3)nc2-c2csc(n2)-c2csc(n2)C(C(O)c2ccccc2)NC(=O)CNC(=O)c2nc(sc2COC)[C@H](C(C)C)NC(=O)c2nc1sc2C,,MolPort,0.9347994810342788,0.0105410184146484,92,35
[O-][N+](=O)C1=CC=C(O1)C(=O)NC1=CC=CN=C1,0.4694189602446483,O=C(Nc1ccccc1)c1ccco1,BRD-K01292099,0.3813953488372093,O=C(N/N=C/c1ccc([N+](=O)[O-])o1)c1ccc(O)cc1,NIFUROXAZIDE,MolPort,0.9338182783126832,0.0102755948178365,93,8
O=C1SSC2=CC=CC=C12,0.2393617021276596,c1ccc2c(c1)sc1ccccc12,DIBENZOTHIOPHENE,0.1906614785992217,O=c1ccn(F)c2ccccc12,,MolPort,0.9330213797092438,0.0100280497938702,94,21
[Br-].[2H]C1=C([2H])C([2H])=C(C([2H])=C1[2H])[P+](CC1=CC(=CC=C1)B(O)O)(C1=C([2H])C([2H])=C([2H])C([2H])=C1[2H])C1=C([2H])C([2H])=C([2H])C([2H])=C1[2H],0.3632241813602015,COC(=O)C1=C2N(C)[C@@]3(COCc4ccc(cc4)OC)Oc4ccccc4[C@H]([C@H]3CO[Si](C)(C)C(C)(C)C)N2C(=O)C(=C1C(=O)OC)c1ccccc1,BRD-K29812987,0.3593029215786776,CNC(=O)C[C@@H]1NC(=O)c2csc(n2)-c2ccc(-c3nc(C4=N[C@H](C(=O)N5CCC[C@H]5C(N)=O)CO4)cs3)nc2-c2csc(n2)-c2csc(n2)C(C(O)c2ccccc2)NC(=O)CNC(=O)c2nc(sc2COC)[C@H](C(C)C)NC(=O)c2nc1sc2C,,MolPort,0.9312122929096222,0.012970425510476,95,32
O=[N+](C1=CC=CC=C1S(C2=C([N+]([O-])=O)C=CC=C2)=O)[O-],0.4393491124260355,NS(=O)(=O)c1ccc(cc1[N+](=O)[O-])Cl,BRD-K55234887,0.354,Nc1ccc(S(=O)(=O)c2ccc(N)cc2)cc1,DAPSONE,MayBridge,0.931075143814087,0.0097742656676054,96,34
[O-][N+](=O)C1=C(C=CC=C1)S(=O)C1=C(C=CC=C1)[N+]([O-])=O,0.4393491124260355,NS(=O)(=O)c1ccc(cc1[N+](=O)[O-])Cl,BRD-K55234887,0.354,Nc1ccc(S(=O)(=O)c2ccc(N)cc2)cc1,DAPSONE,MolPort,0.931075142621994,0.0097742663120253,97,34
N=C1NC(=S)SS1,0.1232876712328767,S=C1SSC=C1,BRD-K91781484,0.0684410646387832,Nc1ccc(S(=O)(=O)Nc2nccs2)cc1,SULFATHIAZOLE,MolPort,0.9296025948226452,0.0255084245702875,98,36
[O-][N+](=O)C1=CC=C(O1)\C=C\N1CCOC1=O,0.4258312020460358,O=C1OCCN1N=Cc1ccc([N+](=O)[O-])o1,FURAZOLIDONE,0.4591549295774648,N=C(N)NN=C(/C=C/c1ccc([N+](=O)[O-])o1)/C=C/c1ccc([N+](=O)[O-])o1,NITROVIN,MolPort,0.928836735188961,0.0182145023141385,99,46
[O-][N+](=O)C1=CC=C(O1)C(=O)\N=C1\NC2=CC=CC=C2S1,0.4205281514698555,CC[C@@H](C)[C@H]1N[C@H]2C=Cc3c(cc(nc3[C@@H]2O)C(=O)O[C@@H](C)[C@H]2NC(=O)c3csc(n3)[C@@H](NC(=O)[C@H]3CSC(=N3)/C(=C/C)NC(=O)[C@@H](NC(=O)c3csc(n3)[C@]3(CCC(=N[C@@H]3c3csc2n3)c2nc(cs2)C(=O)NC(=C)C(=O)NC(=C)C(=O)N)NC(=O)[C@@H](C)NC(=O)C(=C)NC(=O)[C@@H](C)NC1=O)[C@@H](C)O)C(C)(O)[C@@H](C)O)[C@@H](C)O,BRD-A20697603,0.4182098765432099,CO[C@H]1/C=C/O[C@@]2(C)Oc3c(C)c(O)c4c(=O)c(c5oc6cc(N7CCN(CC(C)C)CC7)cc(O)c6nc-5c4c3C2=O)NC(=O)/C(C)=C\C=C\[C@H](C)[C@H](O)[C@@H](C)[C@@H](O)[C@@H](C)[C@H](OC(C)=O)[C@@H]1C,RIFALAZIL,MolPort,0.9288192456960678,0.0117350326101928,100,42
[Cl-].C(SC1=NC2=[N+](C=CC=C2)C2=C1C=CC=C2)C1=CC=CC2=CC=CC=C12,0.4759615384615384,CSc1nc(nc2ccccc12)C,BRD-K02292140,0.3786949247071946,CO[C@H]1/C=C/O[C@@]2(C)Oc3c(C)c(O)c4c(O)c(c5c(nc6cc(C)ccn65)c4c3C2=O)NC(=O)/C(C)=C\C=C\[C@H](C)[C@H](O)[C@@H](C)[C@@H](O)[C@@H](C)[C@H](OC(C)=O)[C@@H]1C,RIFAXIMIN,MolPort,0.9286037635803224,0.0111014979423975,101,9
[Cl-].[I+]1C2=CC=CC=C2C2=CC=CC=C12,0.2445141065830721,Nc1ccc(cc1)-c1ccccc1,BRD-K16857169,0.1715328467153284,O=[N+]([O-])c1c(Cl)cccc1-c1c[nH]cc1Cl,PYRROLNITRIN,MolPort,0.9281882324069738,0.0264915615594426,102,7
[Br-].[Br-].CCCC[N+](C)(CCCC)CC#CC1=CC=C(C=C1)C#CC[N+](C)(CCCC)CCCC,0.2950310559006211,OCC#Cc1ccccc1C#N,BRD-K02385433,0.2899728997289973,CCCCCCCCCCCC[N+](CCO)(CCO)Cc1ccccc1,BENZOXONIUM,MolPort,0.9270453350269235,0.02221088347574,103,47
OC1=C(C=CC=C1)C(=O)NNC1=CC=C(C=C1[N+]([O-])=O)[N+]([O-])=O,0.4402697495183044,O=C(NN=Cc1ccc([N+](=O)[O-])o1)c1cc([N+](=O)[O-])cc([N+](=O)[O-])c1O,NIFURSOL,0.3238636363636363,O=C(N/N=C/c1ccc([N+](=O)[O-])o1)c1ccc(O)cc1,NIFUROXAZIDE,MolPort,0.9267636287212372,0.0056746026358594,104,6
NC(=O)C1=CC(=CC(=C1NC1=CC=C(C=C1Cl)[N+]([O-])=O)[N+]([O-])=O)[N+]([O-])=O,0.4528101802757158,Cc1c(C(N)=O)cc([N+](=O)[O-])cc1[N+](=O)[O-],DINITOLMIDE,0.4345898004434589,CC(C)=CCC/C(C)=C/CC/C(C)=C/CN1C(=O)c2cccc(O)c2Nc2c(O)cc(O)cc21,DIAZEPINOMICIN,MolPort,0.9267412304878236,0.0075340522636955,105,39
[Cl-].[Cl-].CC[N+](C)(CC[N+](CC)(CC)CC)CC1=CC2=CC=CC=C2O1,0.4823529411764706,Cc1ccc(o1)CN1CCN(CCO)CC1,BRD-K12623386,0.2413358538122243,Cc1oc(=O)oc1CN1CCN(c2cc3c(cc2F)c(=O)c(C(=O)O)c2n3C(C)S2)CC1,PRULIFLOXACIN,MolPort,0.9255295512080192,0.0277303039394331,106,31
Cc1cc(C(=O)O)nc(N2CCN(c3ccc(Cl)cc3)CC2)n1,0.4344827586206896,CCN1CCN(CC1)C1=NC(=O)C=C(C)N1,BRD-K48333701,0.3300813008130081,N=C(N)NCCCCC(=O)Nc1cc(C(F)(F)F)cc(NC(=O)c2cc(C(=O)Nc3cc(C(F)(F)F)cc(NC(=O)CCCCNC(=N)N)c3O[C@@H]3CCNC3)ncn2)c1O[C@@H]1CCNC1,BRILACIDIN,ChemBridge Core,0.9249345409870148,0.0154680953454202,107,43
CC1=NC(=NC(=C1)C(O)=O)N1CCN(CC1)C1=CC=C(Cl)C=C1,0.4344827586206896,CCN1CCN(CC1)C1=NC(=O)C=C(C)N1,BRD-K48333701,0.3300813008130081,N=C(N)NCCCCC(=O)Nc1cc(C(F)(F)F)cc(NC(=O)c2cc(C(=O)Nc3cc(C(F)(F)F)cc(NC(=O)CCCCNC(=N)N)c3O[C@@H]3CCNC3)ncn2)c1O[C@@H]1CCNC1,BRILACIDIN,MolPort,0.9249345386028288,0.0154680950841714,108,43
[Br-].CCC[N+]1(CC#CCC(C2=CC=CC=C2)C2=CC=CC=C2)CCCCC1,0.4702380952380952,CS(=O)(=O)O.OC(CCN1CCCCC1)(c1ccccc1)c1ccccc1,PRIDINOL METHANESULFONATE,0.3527777777777778,Cl.N#CC(CCN1CCC(C(=O)O)(c2ccccc2)CC1)(c1ccccc1)c1ccccc1,DIFENOXIN HYDROCHLORIDE,MolPort,0.9241530704498292,0.0121154375064622,109,0
CCOC(=O)CNC(=O)C1=CC=C(O1)[N+]([O-])=O,0.4072632944228275,[O-][N+](=O)c1ccc(o1)/C=N/NC(=O)CN1CCOCC1,BRD-K67470788,0.3982521847690387,O=C(N/N=C/c1ccc([N+](=O)[O-])o1)c1ccc(O)cc1,NIFUROXAZIDE,MolPort,0.9240859186649324,0.0113984610974441,110,23
[Cl-].[Cl-].CC1=CC(C[N+]2=CC=CC=C2)=C(C)C=C1C[N+]1=CC=CC=C1,0.3967611336032389,Cc1ccc(cc1)Cn1c2ccccc2c2ccccc12,BRD-K65298652,0.2017543859649122,CCCCCCCCCCCCCCCC[n+]1ccccc1,CETYLPYRIDINIUM,MolPort,0.9231855002045632,0.039109959128301,111,12
[O-][N+](=O)C1=CC(=C(NC2=C(C=C(C=C2[N+]([O-])=O)[N+]([O-])=O)[N+]([O-])=O)C(=C1)[N+]([O-])=O)[N+]([O-])=O,0.420863309352518,NCCNc1ccc(c(c1)NCCO)[N+](=O)[O-],BRD-K04203650,0.3654223968565815,O=[N+]([O-])c1ccc(O)c([N+](=O)[O-])c1,"2,4-DINITROPHENOL",MolPort,0.9229272934794426,0.0178089963532114,112,39
[O-][N+](=O)C1=CC=C(O1)C(=O)NC(=O)NC1=C(F)C=C(F)C=C1,0.3901639344262295,O=C(NC(=O)c1c(F)cccc1F)Nc1ccc(Cl)cc1,DIFLUBENZURON,0.3723696248856358,O=C(N/N=C/C=C/c1ccc([N+](=O)[O-])o1)c1ccc([N+](=O)[O-])s1,NIFURZIDE,MolPort,0.9214156514406204,0.0210679613912336,113,2
O=[N+](C(O1)=CC=C1C(NC(NC2=C(F)C=C(F)C=C2)=O)=O)[O-],0.3901639344262295,O=C(NC(=O)c1c(F)cccc1F)Nc1ccc(Cl)cc1,DIFLUBENZURON,0.3723696248856358,O=C(N/N=C/C=C/c1ccc([N+](=O)[O-])o1)c1ccc([N+](=O)[O-])s1,NIFURZIDE,MayBridge,0.9214156490564346,0.0210679616862333,114,2
[Cl-].CC1(C)C2CCC(C2)C1CC1OCC(C[N+]2(CC3=CC=CC=C3)CCCCC2)O1,0.4887737478411053,OC[C@H]1CN(CCO1)Cc1ccccc1,BRD-A72433779,0.4539130434782609,CCCCCCCCCCCC[N+](CCO)(CCO)Cc1ccccc1,BENZOXONIUM,MolPort,0.9213709837198256,0.0170712754681899,115,17
CC1=C(C=CN=C1)N1CCCN(CC1)C1=NC=C(C=C1Cl)C(O)=O,0.4901277584204414,N#Cc1ccc(nc1)N1CCCNCC1,BRD-K24065917,0.4387351778656126,N[C@@H]1CCCCN(c2c(F)cc3c(=O)c(C(=O)O)cn(C4CC4)c3c2Cl)C1,BESIFLOXACIN,MolPort,0.9206738650798798,0.0097332931890497,116,10
CC1=NC(=NC(=C1)C(O)=O)N1CCN(CC1)C1=CC=CC(Cl)=C1,0.4243641231593039,CCN1CCN(CC1)C1=NC(=O)C=C(C)N1,BRD-K48333701,0.3322632423756019,N=C(N)NCCCCC(=O)Nc1cc(C(F)(F)F)cc(NC(=O)c2cc(C(=O)Nc3cc(C(F)(F)F)cc(NC(=O)CCCCNC(=N)N)c3O[C@@H]3CCNC3)ncn2)c1O[C@@H]1CCNC1,BRILACIDIN,MolPort,0.9205643236637115,0.0179389405436538,117,43
[K+].OC1=CC=C(NCC2=C(F)C(F)=C(C(F)=C2F)C(F)(F)F)C=C1C([O-])=O,0.4287484510532837,O=C(Nc1ccc(C(=O)O)c(O)c1)c1ccccc1,BENZOYLPAS,0.3484262838210933,CN(C)c1cc(CNCC(C)(C)C)c(O)c2c1C[C@H]1C[C@H]3[C@H](N(C)C)C(O)=C(C(N)=O)C(=O)[C@@]3(O)C(O)=C1C2=O.Cc1ccc(S(=O)(=O)O)cc1,OMADACYCLINE TOSYLATE,MolPort,0.9204316747188568,0.0171083234085815,118,3
[Cl-].ClC1=CC=C(CN2C=C(C3=CC=C(Cl)C=C3)[N+]3=C2CCC3)C=C1,0.4918032786885246,CCCCn1c(c(nc1-c1ccccc1)-c1ccccc1)CN(Cc1ccc2c(c1)OCO2)Cc1ccc2c(c1)OCO2,BRD-K17539220,0.4768447837150127,CNC(=O)C[C@@H]1NC(=O)c2csc(n2)-c2ccc(-c3nc(C4=N[C@H](C(=O)N5CCC[C@H]5C(N)=O)CO4)cs3)nc2-c2csc(n2)-c2csc(n2)C(C(O)c2ccccc2)NC(=O)CNC(=O)c2nc(sc2COC)[C@H](C(C)C)NC(=O)c2nc1sc2C,,MolPort,0.9201644885540008,0.0117854173227958,119,35
[Na+].[Na+].[Na+].[Na+].[O-]C1=C2C=CC(NC(=O)NC3=CC4=CC(=CC([O-])=C4C=C3)S([O-])(=O)=O)=CC2=CC(=C1)S([O-])(=O)=O,0.4431072210065646,O=S(=O)([O-])c1cc(O)c2c(N=Nc3ccc(Nc4ccccc4)c4c(S(=O)(=O)[O-])cccc34)cc(S(=O)(=O)[O-])cc2c1.[Na+].[Na+].[Na+],ANAZOLENE SODIUM,0.2565747273893521,CO[C@H]1/C=C/O[C@@]2(C)Oc3c(C)c([O-])c4c(O)c(cc(O)c4c3C2=O)NC(=O)/C(C)=C\C=C\[C@H](C)[C@H](O)[C@@H](C)[C@@H](O)[C@@H](C)[C@H](OC(C)=O)[C@@H]1C.[Na+],RIFAMYCIN SODIUM,MolPort,0.9200332069396971,0.0125055628871081,120,38
[Cl-].CC1CC(C)=CC(C)C1C1OCC(C[N+]2(CC3=CC=CC=C3)CCCCC2)O1,0.4413727359389895,CCO[C@@H]1OC(=C[C@H](C)[C@H]1CCCOC(=O)NCCCCCC(=O)NO)C(=O)N1CCN(CC1)Cc1ccccc1,BRD-K06875132,0.3966309341500765,CCCCCCCCCCCC[N+](CCO)(CCO)Cc1ccccc1,BENZOXONIUM,MolPort,0.919556850194931,0.0108092036631045,121,17
CC1=C(Cl)C=CC(NC(=O)C2=CC=C(O2)[N+]([O-])=O)=N1,0.3994811932555123,CN1CCN(C(=O)OC2c3nccnc3C(=O)N2c2ccc(Cl)cn2)CC1,ESZOPICLONE,0.3891547049441786,Cc1c(N)nc([C@H](CC(N)=O)NC[C@H](N)C(N)=O)nc1C(=O)N[C@H](C(=O)N[C@H](C)[C@@H](O)[C@H](C)C(=O)N[C@H](C(=O)NCCc1nc(-c2nc(C(=O)NCCCN[C@@H](C)c3ccccc3)cs2)cs1)[C@@H](C)O)[C@@H](O[C@@H]1O[C@@H](CO)[C@@H](O)[C@H](O)[C@@H]1O[C@H]1O[C@H](CO)[C@@H](O)[C@H](OC(N)=O)[C@@H]1O)c1c[nH]cn1,PEPLOMYCIN,MolPort,0.9189574086666108,0.0087897764471445,122,15
O.[Na]S,0.0277777777777777,COS(=O)(=O)C,BRD-K14916873,0.0084033613445378,CCCCCCCCCCCCCCCC[N+](C)(C)CC.CCOS(=O)(=O)[O-],MECETRONIUM ETHYLSULFATE,MolPort,0.9188933646841906,0.0503430457530882,123,19
CC1=CSC(NC(=O)C2=CC=C(O2)[N+]([O-])=O)=N1,0.3725701943844492,O=C(NN=Cc1ccc([N+](=O)[O-])o1)c1ccc(O)cc1,NIFUROXAZIDE,0.3793427230046948,O=C(N/N=C/C=C/c1ccc([N+](=O)[O-])o1)c1ccc([N+](=O)[O-])s1,NIFURZIDE,MolPort,0.9187233287096024,0.018739580616481,124,25
[Cl-].COC1=CC(=CC(\C=C\C2=CC=C3C=C(C=C(OC)C3=[O+]2)C(O)=O)=C1O)C(O)=O,0.4830677290836653,COc1cccc2cc(oc12)C(=O)C,BRD-K22632349,0.445924347362813,CN[C@H](CC(C)C)C(=O)N[C@H]1C(=O)N[C@@H](CC(N)=O)C(=O)N[C@H]2C(=O)N[C@H]3C(=O)N[C@H](C(=O)N[C@H](C(=O)O)c4cc(O)cc(O)c4-c4cc3ccc4O)[C@H](O[C@H]3C[C@](C)(N)[C@@H](O)[C@H](C)O3)c3ccc(c(Cl)c3)Oc3cc2cc(c3O[C@@H]2O[C@H](CO)[C@@H](O)[C@H](O)[C@H]2O[C@H]2C[C@](C)(NCc3ccc(-c4ccc(Cl)cc4)cc3)[C@@H](O)[C@H](C)O2)Oc2ccc(cc2Cl)[C@H]1O,ORITAVANCIN,MolPort,0.9172646081447602,0.0111325896646067,125,0
[Cl-].CC1=CC=C(C=C1)C1=CN(CC2=CC=C(Cl)C(Cl)=C2)C2=[N+]1CCC2,0.4997503744383424,COc1ccc(cc1)COCC12Oc3ccccc3[C@H]([C@H]1COC(=O)NCCCCCC(=O)NO)N1C(=O)C(=C3C(=O)N(C)C(=O)C3=C1N2C)C(=O)C,BRD-K16897640,0.4901065449010654,CNC(=O)C[C@@H]1NC(=O)c2csc(n2)-c2ccc(-c3nc(C4=N[C@H](C(=O)N5CCC[C@H]5C(N)=O)CO4)cs3)nc2-c2csc(n2)-c2csc(n2)C(C(O)c2ccccc2)NC(=O)CNC(=O)c2nc(sc2COC)[C@H](C(C)C)NC(=O)c2nc1sc2C,,MolPort,0.91686239361763,0.0136391471581885,126,35
COC(=O)C(NC(=O)C1=CC=C(O1)[N+]([O-])=O)C(C)C,0.4530516431924882,O=C1NCCCC[C@@H]1NC(=O)c1ccco1,BRD-A51936750,0.3665413533834586,O=C(N/N=C/C=C/c1ccc([N+](=O)[O-])o1)c1ccc([N+](=O)[O-])s1,NIFURZIDE,MolPort,0.9165867006778716,0.0117350513803358,127,23
COC(=O)C(NC(=O)c1ccc([N+](=O)[O-])o1)C(C)C,0.4530516431924882,O=C1NCCCC[C@@H]1NC(=O)c1ccco1,BRD-A51936750,0.3665413533834586,O=C(N/N=C/C=C/c1ccc([N+](=O)[O-])o1)c1ccc([N+](=O)[O-])s1,NIFURZIDE,ChemBridge Core,0.9165867006778716,0.0117350513803358,128,23
[Cl-].[Cl-].C[NH+](C)CCCCC1=CN=C(C)C2=C1C1=C([NH2+]2)C=CC=C1,0.4672782874617737,Cc1ccc2c(c1)C(=C(C(=O)N2)C1=NN([C@@H](C1)c1ccc(cc1)Br)C(=O)CCC(=O)O)c1ccccc1,BRD-A67976398,0.4545454545454545,NC1Cc2ccc(c(Cl)c2)Oc2cc3cc(c2O)Oc2ccc(cc2Cl)C(O)C2NC(=O)C(NC(=O)C3NC(=O)C(c3cc(O)cc(Oc4cc(C5NC(=S)N(c6ccccc6)C5=O)ccc4O)c3)NC1=O)c1ccc(O)c(c1)-c1c(cc(O)c(CNC3C4CC5CC(C4)CC3C5)c1O)[C@H](C(=O)O)NC2=O,,MolPort,0.9160197341442108,0.0258513512103862,129,7
[Cl-].[Cl-].[Cl-].[Cl-].[Cl-].[Cl-].O([N+]1=CC=CC=C1)P1(O[N+]2=CC=CC=C2)=NP(O[N+]2=CC=CC=C2)(O[N+]2=CC=CC=C2)=NP(O[N+]2=CC=CC=C2)(O[N+]2=CC=CC=C2)=N1,0.2559313478041393,CCC1(O)CC2CN(CCc3c([nH]c4ccccc34)C(C(=O)OC)(c3cc4c(cc3OC)N(C=O)C3C(O)(C(=O)OC)C(OC(C)=O)C5(CC)C=CCN6CCC43C65)C2)C1.O=S(=O)(O)O,VINCRISTINE SULFATE,0.2569605568445475,CCO/N=C(\C(=O)N[C@@H]1C(=O)N2C(C(=O)[O-])=C(Sc3nc(-c4cc[n+](C)cc4)cs3)CS[C@H]12)c1nsc(N)n1,CEFTAROLINE,MolPort,0.9148985302081564,0.0567775442411072,130,9
[O-][N+](=O)C1=CC(=C(C=C1)\N=C1\SSN=C1Cl)[N+]([O-])=O,0.3358681875792142,OCCNc1ccc(cc1[N+](=O)[O-])N(CCO)CCO,BRD-K18755762,0.2995867768595041,CN(C)[C@@H]1C(O)=C(C(=O)NCN[C@@H](C(=O)N[C@@H]2C(=O)N3[C@@H](C(=O)O)C(C)(C)S[C@H]23)c2ccccc2)C(=O)[C@@]2(O)C(O)=C3C(=O)c4c(O)cccc4[C@@](C)(O)[C@H]3C[C@@H]12,PENIMOCYCLINE,MolPort,0.9146079230308533,0.0115839600936747,131,20
NC(=O)C1=C(C=C(C=C1SC1=CC=C(F)C=C1)[N+]([O-])=O)[N+]([O-])=O,0.4477611940298507,Cc1c(C(N)=O)cc([N+](=O)[O-])cc1[N+](=O)[O-],DINITOLMIDE,0.3969508752117447,CN(C)[C@@H]1C(O)=C(C(N)=O)C(=O)[C@@]2(O)C(O)=C3C(=O)c4c(O)ccc([N+](=O)[O-])c4C[C@H]3C[C@@H]12,NITROCYCLINE,MolPort,0.9144740974903108,0.0104384392960381,132,3
CC1=CC=C(CN2CCN(CC2=O)C2=CC=C(Cl)C(=N2)C(O)=O)C=C1,0.481283422459893,COc1ccccc1N1CCN(CC1)c1ncc(c2ccccc12)C(=O)N1CCN(CC1)c1cccc(c1)Cl,BRD-K08773184,0.4286577992744861,CC[C@H]1NC(=O)[C@@H](NC(=O)c2ncccc2O)[C@@H](C)OC(=O)[C@H](c2ccccc2)NC(=O)[C@@H]2CC(=O)[C@H](CS[C@@H]3CN4CCC3CC4)CN2C(=O)[C@H](Cc2ccc(N(C)C)cc2)N(C)C(=O)[C@@H]2CCCN2C1=O,QUINUPRISTIN,MolPort,0.9130411523580552,0.0138642080048775,133,13
Cc1ccc(CN2CCN(c3ccc(Cl)c(C(=O)O)n3)CC2=O)cc1,0.481283422459893,COc1ccccc1N1CCN(CC1)c1ncc(c2ccccc12)C(=O)N1CCN(CC1)c1cccc(c1)Cl,BRD-K08773184,0.4286577992744861,CC[C@H]1NC(=O)[C@@H](NC(=O)c2ncccc2O)[C@@H](C)OC(=O)[C@H](c2ccccc2)NC(=O)[C@@H]2CC(=O)[C@H](CS[C@@H]3CN4CCC3CC4)CN2C(=O)[C@H](Cc2ccc(N(C)C)cc2)N(C)C(=O)[C@@H]2CCCN2C1=O,QUINUPRISTIN,ChemBridge Express,0.9130411511659622,0.0138642091377772,134,13
CN(C)C1=NN(C(=N1)N(C)C)S(=O)(=O)C1=CC(Cl)=C(Cl)C=C1Cl,0.4965277777777778,CC[C@@H](C)[C@H]1N[C@H]2C=Cc3c(cc(nc3[C@@H]2O)C(=O)O[C@@H](C)[C@H]2NC(=O)c3csc(n3)[C@@H](NC(=O)[C@H]3CSC(=N3)/C(=C/C)NC(=O)[C@@H](NC(=O)c3csc(n3)[C@]3(CCC(=N[C@@H]3c3csc2n3)c2nc(cs2)C(=O)NC(=C)C(=O)NC(=C)C(=O)N)NC(=O)[C@@H](C)NC(=O)C(=C)NC(=O)[C@@H](C)NC1=O)[C@@H](C)O)C(C)(O)[C@@H](C)O)[C@@H](C)O,BRD-A20697603,0.4910759816420194,CN(C)[C@@H]1C(O)=C(C(=O)NCN[C@@H](C(=O)N[C@@H]2C(=O)N3[C@@H](C(=O)O)C(C)(C)S[C@H]23)c2ccccc2)C(=O)[C@@]2(O)C(O)=C3C(=O)c4c(O)cccc4[C@@](C)(O)[C@H]3C[C@@H]12,PENIMOCYCLINE,MolPort,0.9128684514760972,0.0144223314192768,135,11
[Cl-].OC1=CC(O)=C(C=C1)C(=O)C[P+](C1=CC=CC=C1)(C1=CC=CC=C1)C1=CC=CC=C1,0.4190938511326861,CCC(=O)c1c(O)cc(O)cc1O,FLOPROPIONE,0.3074369189907038,Cc1cc(O)c2c3c4c(cc(O)c13)C(C)(C)C(=O)c1c(O)cc(O)c(c1-4)C2=O,HELIOMYCIN,MolPort,0.9126200985908508,0.0086519705172452,136,1
CSC1=NC=C(Cl)C(=N1)C(=O)NC1=NC=C(S1)[N+]([O-])=O,0.4842484248424842,CC(=O)Oc1ccccc1C(=O)Nc1ncc([N+](=O)[O-])s1,NITAZOXANIDE,0.4185676392572944,Cc1c(N)nc([C@H](CC(N)=O)NC[C@H](N)C(N)=O)nc1C(=O)N[C@H](C(=O)N[C@H](C)[C@@H](O)[C@H](C)C(=O)N[C@H](C(=O)NCCc1nc(-c2nc(C(=O)NCCCN[C@@H](C)c3ccccc3)cs2)cs1)[C@@H](C)O)[C@@H](O[C@@H]1O[C@@H](CO)[C@@H](O)[C@H](O)[C@@H]1O[C@H]1O[C@H](CO)[C@@H](O)[C@H](OC(N)=O)[C@@H]1O)c1c[nH]cn1,PEPLOMYCIN,MolPort,0.911550663113594,0.0153262367600226,137,37
NC1=NC(=CC(NC2CC2)=N1)C1=C(F)C=C(O)C(Cl)=C1,0.4252717391304347,CS(=O)(=O)N1CCc2c1nc(nc2-c1cnc(nc1)N)N1CCOCC1,BRD-K28352084,0.4015424164524421,CO[C@H]1/C=C/O[C@@]2(C)Oc3c(C)c(O)c4c(=O)c(c5oc6cc(N7CCN(CC(C)C)CC7)cc(O)c6nc-5c4c3C2=O)NC(=O)/C(C)=C\C=C\[C@H](C)[C@H](O)[C@@H](C)[C@@H](O)[C@@H](C)[C@H](OC(C)=O)[C@@H]1C,RIFALAZIL,MolPort,0.9112461042404176,0.0162509626847418,138,16
Nc1nc(NC2CC2)cc(-c2cc(Cl)c(O)cc2F)n1,0.4252717391304347,CS(=O)(=O)N1CCc2c1nc(nc2-c1cnc(nc1)N)N1CCOCC1,BRD-K28352084,0.4015424164524421,CO[C@H]1/C=C/O[C@@]2(C)Oc3c(C)c(O)c4c(=O)c(c5oc6cc(N7CCN(CC(C)C)CC7)cc(O)c6nc-5c4c3C2=O)NC(=O)/C(C)=C\C=C\[C@H](C)[C@H](O)[C@@H](C)[C@@H](O)[C@@H](C)[C@H](OC(C)=O)[C@@H]1C,RIFALAZIL,ChemBridge Express,0.911246098279953,0.0162509635857655,139,16
[O-][N+](=O)C1=CC=C(O1)C(=O)NNC(=O)C1=CC=C(C=C1)[N+]([O-])=O,0.4831880448318804,O=C(NN=Cc1ccc([N+](=O)[O-])o1)c1ccc(O)cc1,NIFUROXAZIDE,0.4831880448318804,O=C(N/N=C/c1ccc([N+](=O)[O-])o1)c1ccc(O)cc1,NIFUROXAZIDE,MolPort,0.9100537478923798,0.0131273769100356,140,5
O=C(NNC(=O)c1ccc([N+](=O)[O-])o1)c1ccc([N+](=O)[O-])cc1,0.4831880448318804,O=C(NN=Cc1ccc([N+](=O)[O-])o1)c1ccc(O)cc1,NIFUROXAZIDE,0.4831880448318804,O=C(N/N=C/c1ccc([N+](=O)[O-])o1)c1ccc(O)cc1,NIFUROXAZIDE,ChemBridge Core,0.9100537467002868,0.0131273759693006,141,5
O=C(NCC1=CC=CC=C1)C2=CC=C([N+]([O-])=O)O2,0.4577181208053691,O=C(NN=Cc1ccc([N+](=O)[O-])o1)c1ccc(O)cc1,NIFUROXAZIDE,0.4577181208053691,O=C(N/N=C/c1ccc([N+](=O)[O-])o1)c1ccc(O)cc1,NIFUROXAZIDE,MayBridge,0.909794306755066,0.0146438679198811,142,4
[O-][N+](=O)C1=CC=C(O1)C(=O)NCC1=CC=CC=C1,0.4577181208053691,O=C(NN=Cc1ccc([N+](=O)[O-])o1)c1ccc(O)cc1,NIFUROXAZIDE,0.4577181208053691,O=C(N/N=C/c1ccc([N+](=O)[O-])o1)c1ccc(O)cc1,NIFUROXAZIDE,MolPort,0.9097943031787872,0.0146438678421579,143,4
Cl.CC1=CC=CC(NC(=O)C2=CC=C(O2)[N+]([O-])=O)=N1,0.4181091877496671,Cc1ccc(o1)CNc1ccccn1,BRD-K24336017,0.3617929562433298,O=C(N/N=C/c1ccc([N+](=O)[O-])o1)c1ccc(O)cc1,NIFUROXAZIDE,MolPort,0.9095538437366486,0.0100212616614502,144,15
O=C(NNc1ccc([N+](=O)[O-])cc1[N+](=O)[O-])c1ccccc1Cl,0.4341534008683068,NC(=O)c1ccc([N+](=O)[O-])cc1Cl,AKLOMIDE,0.3004587155963302,CN(C)[C@@H]1C(O)=C(C(N)=O)C(=O)[C@@]2(O)C(O)=C3C(=O)c4c(O)ccc([N+](=O)[O-])c4C[C@H]3C[C@@H]12,NITROCYCLINE,ChemBridge Core,0.9085782134532928,0.0115799873577019,145,6
[O-][N+](=O)C1=CC=C(NNC(=O)C2=C(Cl)C=CC=C2)C(=C1)[N+]([O-])=O,0.4341534008683068,NC(=O)c1ccc([N+](=O)[O-])cc1Cl,AKLOMIDE,0.3004587155963302,CN(C)[C@@H]1C(O)=C(C(N)=O)C(=O)[C@@]2(O)C(O)=C3C(=O)c4c(O)ccc([N+](=O)[O-])c4C[C@H]3C[C@@H]12,NITROCYCLINE,MolPort,0.9085782134532928,0.0115799873577019,146,6
OC(=O)C1=CN=C(C=C1)N1CCC(CC1)OC1=CC(F)=CC=C1,0.4401972872996301,N[C@H]1CCN(C1)c1ccc(cn1)C(F)(F)F,BRD-A99318888,0.3907734056987788,N[C@H]1[C@@H]2CN(c3nc4c(cc3F)c(=O)c(C(=O)O)cn4-c3ccc(F)cc3F)C[C@H]12,TROVAFLOXACIN,MolPort,0.9080530792474748,0.018128571196604,147,29
O=C(O)c1ccc(N2CCC(Oc3cccc(F)c3)CC2)nc1,0.4401972872996301,N[C@H]1CCN(C1)c1ccc(cn1)C(F)(F)F,BRD-A99318888,0.3907734056987788,N[C@H]1[C@@H]2CN(c3nc4c(cc3F)c(=O)c(C(=O)O)cn4-c3ccc(F)cc3F)C[C@H]12,TROVAFLOXACIN,ChemBridge Express,0.9080530774593352,0.018128571561849,148,29
Cl.OC(=O)C1=CC=NC(=C1)C1=CC=NC(=N1)N1C[C@@H]2CC[C@H](C1)N2,0.4367436743674367,COCCN1[C@@H]2CC[C@H]1CN(C2)c1ncccn1,BRD-A24151028,0.407051282051282,Cc1c(N)nc([C@H](CC(N)=O)NC[C@H](N)C(N)=O)nc1C(=O)N[C@H](C(=O)N[C@H](C)[C@@H](O)[C@H](C)C(=O)N[C@H](C(=O)NCCc1nc(-c2nc(C(=O)NCCCN[C@@H](C)c3ccccc3)cs2)cs1)[C@@H](C)O)[C@@H](O[C@@H]1O[C@@H](CO)[C@@H](O)[C@H](O)[C@@H]1O[C@H]1O[C@H](CO)[C@@H](O)[C@H](OC(N)=O)[C@@H]1O)c1c[nH]cn1,PEPLOMYCIN,MolPort,0.9071486025390914,0.033834661014063,149,22
NNC1=C(C=CC=N1)S(=O)(=O)NC1=CC=CC=C1,0.4303405572755417,Nc1ccc(cn1)S(=O)(=O)N,BRD-K73111932,0.3357058125741399,Cc1cc(NS(=O)(=O)c2ccc(N)cc2)no1,SULFAMETHOXAZOLE,MolPort,0.9051931822299956,0.0127490422371005,150,11
Nc1ccccc1-[n+]1ccc(-c2ccncc2)cc1.[Cl-],0.3776371308016877,Nc1ccc(cc1Cl)-n1cccc1,BRD-K11900476,0.2296466973886328,CC(C)/N=c1\cc2n(-c3ccc(Cl)cc3)c3ccccc3nc-2cc1Nc1ccc(Cl)cc1,CLOFAZIMINE,ChemBridge Core,0.9040175272524356,0.0396937572709237,151,26
[Cl-].NC1=C(C=CC=C1)[N+]1=CC=C(C=C1)C1=CC=NC=C1,0.3776371308016877,Nc1ccc(cc1Cl)-n1cccc1,BRD-K11900476,0.2296466973886328,CC(C)/N=c1\cc2n(-c3ccc(Cl)cc3)c3ccccc3nc-2cc1Nc1ccc(Cl)cc1,CLOFAZIMINE,MolPort,0.904017523676157,0.0396937573334511,152,26
[O-][N+](=O)C1=CC=C(C=C1)C(=O)NC1=C(C=CC=C1[N+]([O-])=O)[N+]([O-])=O,0.4363957597173145,O=C(Nc1ccccc1)c1ccccc1,BRD-K72443974,0.3597413096200485,CC(C)=CCC/C(C)=C/CC/C(C)=C/CN1C(=O)c2cccc(O)c2Nc2c(O)cc(O)cc21,DIAZEPINOMICIN,MolPort,0.9039872872829438,0.0102758905839238,153,6
OC1=CC(=CC(O)=C1)C(=O)NNC(=O)NC1=CC=C(Cl)C(Cl)=C1,0.465034965034965,CCC(=O)NNC(=O)c1cccc(c1)O,BRD-K75261115,0.3169750603378922,CC(C)=CCC/C(C)=C/CC/C(C)=C/CN1C(=O)c2cccc(O)c2Nc2c(O)cc(O)cc21,DIAZEPINOMICIN,MolPort,0.9034892040491104,0.0107853584692338,154,6
CC1=C(O)C(=O)[C@@H]2O[C@@H]2C1=O,0.3942307692307692,OC1[C@H]2O[C@H]2C(=O)C(=C)C1=O,BRD-A14037484,0.35785536159601,C/C(=C\C(=O)OCCCCCCCCC(=O)O)C[C@@H]1OC[C@H](C[C@@H]2O[C@H]2[C@@H](C)[C@H](C)O)[C@@H](O)[C@H]1O,MUPIROCIN,MolPort,0.9032099044322968,0.0206627000219459,155,49
O=C(Cn1cnc([N+](=O)[O-])c1)Nc1ccc(Cl)c(Cl)c1,0.3783403656821378,Cn1cnc(c1Cl)[N+](=O)[O-],BRD-K05195669,0.360450563204005,O=[N+]([O-])c1cncn1CCN1CCOCC1,NIMORAZOLE,ChemBridge Core,0.902930611371994,0.0107395165192969,156,41
[O-][N+](=O)C1=CN(CC(=O)NC2=CC=C(Cl)C(Cl)=C2)C=N1,0.3783403656821378,Cn1cnc(c1Cl)[N+](=O)[O-],BRD-K05195669,0.360450563204005,O=[N+]([O-])c1cncn1CCN1CCOCC1,NIMORAZOLE,MolPort,0.9029306101799012,0.0107395185205182,157,41
COC(=O)C1=CC=C(O1)[N+]([O-])=O,0.4334975369458128,COC(=O)N/N=C/c1ccc(o1)[N+](=O)[O-],BRD-K02558072,0.4278523489932886,NC(=O)N/N=C/c1ccc([N+](=O)[O-])o1,NITROFURAZONE,MolPort,0.9024874225258828,0.022913207500754,158,23
[O-][N+](C1=CC=C(C(OC)=O)O1)=O,0.4334975369458128,COC(=O)N/N=C/c1ccc(o1)[N+](=O)[O-],BRD-K02558072,0.4278523489932886,NC(=O)N/N=C/c1ccc([N+](=O)[O-])o1,NITROFURAZONE,MayBridge,0.9024874213337898,0.0229132084070796,159,23
[O-][N+](=O)C1=CC2=C(NC3=C(C=C(C=C3[N+]([O-])=O)[N+]([O-])=O)S2(=O)=O)C(=C1)[N+]([O-])=O,0.4167160640189686,COc1oc(c(c1S(=O)(=O)c1ccc(cc1[N+](=O)[O-])C(F)(F)F)-c1ccc(cc1)Cl)C(=O)NC1CCCCC1,BRD-K55676732,0.4056555269922879,CN(C)[C@@H]1C(O)=C(C(=O)NCN[C@@H](C(=O)N[C@@H]2C(=O)N3[C@@H](C(=O)O)C(C)(C)S[C@H]23)c2ccccc2)C(=O)[C@@]2(O)C(O)=C3C(=O)c4c(O)cccc4[C@@](C)(O)[C@H]3C[C@@H]12,PENIMOCYCLINE,MolPort,0.9014100325107576,0.0102351412423964,160,7
[K][Y]=S=P(=S)\N=[V](/[K])I,0.074074074074074,OC(=O)c1cnc(nc1)N1CCCC1,BRD-K05446261,0.0550381033022862,CC[C@H](C)[C@H](N)C1=N[C@H](C(=O)N[C@@H](CC(C)C)C(=O)N[C@H](CCC(=O)O)C(=O)N[C@H](C(=O)N[C@H]2CCCCNC(=O)[C@H](CC(N)=O)NC(=O)[C@@H](CC(=O)O)NC(=O)[C@H](Cc3cnc[nH]3)NC(=O)[C@@H](Cc3ccccc3)NC(=O)[C@H]([C@@H](C)CC)NC(=O)[C@@H](CCCN)NC2=O)[C@@H](C)CC)CS1,BACITRACIN,MolPort,0.901319004333709,0.0636796356569154,161,19
[Cl-].COC1=CC=C(C=C1)C1=C(C[NH+](C)C)C(C2=CC=CC=C2)C2=C(O1)C=CC=C2,0.4986967854039965,CC(C)C(=O)Oc1ccc(CO)cc1C(CCN(C(C)C)C(C)C)c1ccccc1.O=C(O)C=CC(=O)O,FESOTERODINE FUMARATE,0.4769230769230769,CO[C@H]1/C=C/O[C@@]2(C)Oc3c(C)c(O)c4c(=O)c(c5oc6cc(N7CCN(CC(C)C)CC7)cc(O)c6nc-5c4c3C2=O)NC(=O)/C(C)=C\C=C\[C@H](C)[C@H](O)[C@@H](C)[C@@H](O)[C@@H](C)[C@H](OC(C)=O)[C@@H]1C,RIFALAZIL,MolPort,0.9007091522216797,0.0101380839855784,162,0
OCC(CO1)(CO2)N(C2C3=CSC([N+]([O-])=O)=C3)C1C4=CSC([N+]([O-])=O)=C4,0.4446161772282329,C[N+](C)(C)CCCC[C@@H]1NC(=O)[C@@H]2C[C@@H]([C@@H](N2C1=O)c1cccc(c1)OCCO)C(=O)OCCOc1ccc(cc1)[C@@H]1N2[C@H]([C@H](C(=O)OCC=C)[C@@]11C(=O)Nc3ccc(cc31)I)C(=O)O[C@H]([C@H]2c1ccccc1)c1ccccc1,BRD-K67979059,0.4337801608579088,CCCCOc1ccc(CNC2C(Oc3c4cc5cc3Oc3ccc(cc3Cl)C(O)C3NC(=O)C(NC(=O)C5NC(=O)C5NC(=O)C(Cc6ccc(cc6)O4)NC(=O)C(N(C)Cc4ccc(OCCCC)cc4)c4ccc(O)c(c4)Oc4cc(O)c(Cl)c5c4)c4ccc(O)c(c4)-c4c(O)cc(O)cc4[C@H](C(=O)NCCCN(C)C)NC3=O)OC(C(=O)NCCCN(C)C)C(O)C2O)cc1,,MayBridge,0.9002192032337188,0.0108852518247281,163,30
OCC12COC(N1C(OC2)C1=CSC(=C1)[N+]([O-])=O)C1=CSC(=C1)[N+]([O-])=O,0.4446161772282329,C[N+](C)(C)CCCC[C@@H]1NC(=O)[C@@H]2C[C@@H]([C@@H](N2C1=O)c1cccc(c1)OCCO)C(=O)OCCOc1ccc(cc1)[C@@H]1N2[C@H]([C@H](C(=O)OCC=C)[C@@]11C(=O)Nc3ccc(cc31)I)C(=O)O[C@H]([C@H]2c1ccccc1)c1ccccc1,BRD-K67979059,0.4337801608579088,CCCCOc1ccc(CNC2C(Oc3c4cc5cc3Oc3ccc(cc3Cl)C(O)C3NC(=O)C(NC(=O)C5NC(=O)C5NC(=O)C(Cc6ccc(cc6)O4)NC(=O)C(N(C)Cc4ccc(OCCCC)cc4)c4ccc(O)c(c4)Oc4cc(O)c(Cl)c5c4)c4ccc(O)c(c4)-c4c(O)cc(O)cc4[C@H](C(=O)NCCCN(C)C)NC3=O)OC(C(=O)NCCCN(C)C)C(O)C2O)cc1,,MolPort,0.9002192008495331,0.0108852522547795,164,30
